requirement_course_id,academic_program_code,program_type,curriculum_year,category_code,raw_course_code,raw_course_name,raw_credit,recommended_year,recommended_semester,source_file,note
reqcourse_manual_gsp_req_01,U02030800044,primary,2026,major_required,GP29277,INTRODUCTION TO MICROECONOMICS,3,2,1,https://pnudgs.com/page/03_02.php,GSP Curriculum 표 직접 수집 (일반 크롤 파이프라인이 영문 rowspan 표/짧은 과목코드 형식을 못 읽어 수기 추가)
reqcourse_manual_gsp_req_02,U02030800044,primary,2026,major_required,GP30747,MODERN THEORY OF MANAGEMENT,3,2,1,https://pnudgs.com/page/03_02.php,GSP Curriculum 표 직접 수집
reqcourse_manual_gsp_req_03,U02030800044,primary,2026,major_required,GP29281,INTERNATIONAL TRADE,3,2,2,https://pnudgs.com/page/03_02.php,GSP Curriculum 표 직접 수집
reqcourse_manual_gsp_req_04,U02030800044,primary,2026,major_required,GP35752,INTERNATIONAL RELATIONS AND POLITICS,3,3,1,https://pnudgs.com/page/03_02.php,GSP Curriculum 표 직접 수집
reqcourse_manual_gsp_req_05,U02030800044,primary,2026,major_required,GP34953,INTRODUCTION TO INTERNATIONAL LAW,3,3,2,https://pnudgs.com/page/03_02.php,GSP Curriculum 표 직접 수집
reqcourse_manual_gsp_req_06,U02030800044,primary,2026,major_required,GP30722,INTERNATIONAL BUSINESS STRATEGY AND ORGANIZATION,3,4,2,https://pnudgs.com/page/03_02.php,GSP Curriculum 표 직접 수집
reqcourse_manual_gsp_basic_01,U02030800044,primary,2026,major_foundation,GP16737,READING AND WRITING IN GLOBAL STUDIES (I): THE FUNDAMENTAL ESSAY,3,2,1,https://pnudgs.com/page/03_02.php,GSP Curriculum 표 직접 수집
reqcourse_manual_gsp_basic_02,U02030800044,primary,2026,major_foundation,GP16743,ORAL SKILLS IN GLOBAL STUDIES (I): READING AND DISCUSSION,3,2,1,https://pnudgs.com/page/03_02.php,GSP Curriculum 표 직접 수집
reqcourse_manual_gsp_basic_03,U02030800044,primary,2026,major_foundation,GP16568,ORAL SKILLS IN GLOBAL STUDIES (II): RESEARCH AND PRESENTATION,3,2,2,https://pnudgs.com/page/03_02.php,GSP Curriculum 표 직접 수집
reqcourse_manual_gsp_basic_04,U02030800044,primary,2026,major_foundation,GP16738,READING AND WRITING IN GLOBAL STUDIES (II): THE ACADEMIC ESSAY,3,2,2,https://pnudgs.com/page/03_02.php,GSP Curriculum 표 직접 수집
reqcourse_manual_gsp_basic_05,U02030800044,primary,2026,major_foundation,GP16739,READING AND WRITING IN GLOBAL STUDIES (III): THE INTERPRETIVE ESSAY,3,3,1,https://pnudgs.com/page/03_02.php,GSP Curriculum 표 직접 수집
reqcourse_manual_gsp_basic_06,U02030800044,primary,2026,major_foundation,GP16581,READING AND WRITING IN GLOBAL STUDIES (IV): THE RESEARCH ESSAY,3,3,2,https://pnudgs.com/page/03_02.php,GSP Curriculum 표 직접 수집
reqcourse_manual_hanmun_01,U01010400019,primary,2026,major_foundation,KC1600437,한문고전의이해,3,1,1,https://hanmun.pusan.ac.kr/docViewer/hanmun/36/30/fileDownload.do,2025학년도 교육과정표 PDF 직접 읽어서 수기 추가 (pdftotext가 다단 표를 못 읽어 자동 파이프라인은 0건 추출)
reqcourse_manual_hanmun_02,U01010400019,primary,2026,major_foundation,KC1600576,한학연구입문,3,1,1,https://hanmun.pusan.ac.kr/docViewer/hanmun/36/30/fileDownload.do,2025학년도 교육과정표 PDF 직접 읽어서 수기 추가 (pdftotext가 다단 표를 못 읽어 자동 파이프라인은 0건 추출)
reqcourse_manual_hanmun_03,U01010400019,primary,2026,major_foundation,KC1600695,동아시아고전의이해,3,1,2,https://hanmun.pusan.ac.kr/docViewer/hanmun/36/30/fileDownload.do,2025학년도 교육과정표 PDF 직접 읽어서 수기 추가 (pdftotext가 다단 표를 못 읽어 자동 파이프라인은 0건 추출)
reqcourse_manual_hanmun_04,U01010400019,primary,2026,major_foundation,KC1501183,한자한문읽기,3,1,2,https://hanmun.pusan.ac.kr/docViewer/hanmun/36/30/fileDownload.do,2025학년도 교육과정표 PDF 직접 읽어서 수기 추가 (pdftotext가 다단 표를 못 읽어 자동 파이프라인은 0건 추출)
reqcourse_manual_hanmun_05,U01010400019,primary,2026,major_foundation,KC2200851,한문학사의이해,3,1,2,https://hanmun.pusan.ac.kr/docViewer/hanmun/36/30/fileDownload.do,2025학년도 교육과정표 PDF 직접 읽어서 수기 추가 (pdftotext가 다단 표를 못 읽어 자동 파이프라인은 0건 추출)
reqcourse_manual_hanmun_06,U01010400019,primary,2026,major_required,KC3200724,한문문법입문,3,2,1,https://hanmun.pusan.ac.kr/docViewer/hanmun/36/30/fileDownload.do,2025학년도 교육과정표 PDF 직접 읽어서 수기 추가 (pdftotext가 다단 표를 못 읽어 자동 파이프라인은 0건 추출)
reqcourse_manual_hanmun_07,U01010400019,primary,2026,major_required,KC1500306,한문문학입문,3,2,1,https://hanmun.pusan.ac.kr/docViewer/hanmun/36/30/fileDownload.do,2025학년도 교육과정표 PDF 직접 읽어서 수기 추가 (pdftotext가 다단 표를 못 읽어 자동 파이프라인은 0건 추출)
reqcourse_manual_hanmun_08,U01010400019,primary,2026,major_required,KC3200726,중급한문강독,3,2,2,https://hanmun.pusan.ac.kr/docViewer/hanmun/36/30/fileDownload.do,2025학년도 교육과정표 PDF 직접 읽어서 수기 추가 (pdftotext가 다단 표를 못 읽어 자동 파이프라인은 0건 추출)
reqcourse_manual_hanmun_09,U01010400019,primary,2026,major_required,KC3200728,한문서사의탐구,3,2,2,https://hanmun.pusan.ac.kr/docViewer/hanmun/36/30/fileDownload.do,2025학년도 교육과정표 PDF 직접 읽어서 수기 추가 (pdftotext가 다단 표를 못 읽어 자동 파이프라인은 0건 추출)
reqcourse_manual_hanmun_10,U01010400019,primary,2026,major_required,KC3200730,한시미학의탐구,3,2,2,https://hanmun.pusan.ac.kr/docViewer/hanmun/36/30/fileDownload.do,2025학년도 교육과정표 PDF 직접 읽어서 수기 추가 (pdftotext가 다단 표를 못 읽어 자동 파이프라인은 0건 추출)
reqcourse_manual_hanmun_11,U01010400019,primary,2026,major_required,KC2200861,한국한문학작가론,3,3,1,https://hanmun.pusan.ac.kr/docViewer/hanmun/36/30/fileDownload.do,2025학년도 교육과정표 PDF 직접 읽어서 수기 추가 (pdftotext가 다단 표를 못 읽어 자동 파이프라인은 0건 추출)
reqcourse_manual_hanmun_12,U01010400019,primary,2026,major_required,KC2002396,고급한문강독,3,3,1,https://hanmun.pusan.ac.kr/docViewer/hanmun/36/30/fileDownload.do,2025학년도 교육과정표 PDF 직접 읽어서 수기 추가 (pdftotext가 다단 표를 못 읽어 자동 파이프라인은 0건 추출)
reqcourse_manual_hanmun_13,U01010400019,primary,2026,major_required,KC3200732,한문산문의탐구,3,3,2,https://hanmun.pusan.ac.kr/docViewer/hanmun/36/30/fileDownload.do,2025학년도 교육과정표 PDF 직접 읽어서 수기 추가 (pdftotext가 다단 표를 못 읽어 자동 파이프라인은 0건 추출)
reqcourse_manual_hanmun_14,U01010400019,primary,2026,major_elective,KC2400852,한문문학과문화유산(I),1.5,1,2,https://hanmun.pusan.ac.kr/docViewer/hanmun/36/30/fileDownload.do,2025학년도 교육과정표 PDF 직접 읽어서 수기 추가 (pdftotext가 다단 표를 못 읽어 자동 파이프라인은 0건 추출)
reqcourse_manual_hanmun_15,U01010400019,primary,2026,major_elective,KC2200849,국문문학과한문문학,3,2,1,https://hanmun.pusan.ac.kr/docViewer/hanmun/36/30/fileDownload.do,2025학년도 교육과정표 PDF 직접 읽어서 수기 추가 (pdftotext가 다단 표를 못 읽어 자동 파이프라인은 0건 추출)
reqcourse_manual_hanmun_16,U01010400019,primary,2026,major_elective,KC2400850,금석서예실습,3,2,1,https://hanmun.pusan.ac.kr/docViewer/hanmun/36/30/fileDownload.do,2025학년도 교육과정표 PDF 직접 읽어서 수기 추가 (pdftotext가 다단 표를 못 읽어 자동 파이프라인은 0건 추출)
reqcourse_manual_hanmun_17,U01010400019,primary,2026,major_elective,KC2200854,한문문학과문화유산(II),1.5,2,2,https://hanmun.pusan.ac.kr/docViewer/hanmun/36/30/fileDownload.do,2025학년도 교육과정표 PDF 직접 읽어서 수기 추가 (pdftotext가 다단 표를 못 읽어 자동 파이프라인은 0건 추출)
reqcourse_manual_hanmun_18,U01010400019,primary,2026,major_elective,KC2200872,한문문학과한국역사,3,2,2,https://hanmun.pusan.ac.kr/docViewer/hanmun/36/30/fileDownload.do,"2025학년도 교육과정표 PDF 직접 읽어서 수기 추가 (pdftotext가 다단 표를 못 읽어 자동 파이프라인은 0건 추출) — 원문 PDF에 KC2200872 코드가 '한문문학과한국역사'와 '한문문학과문화유산(IV)' 두 과목명에 중복 사용됨(원문 자체의 오류로 추정), 확인 필요"
reqcourse_manual_hanmun_19,U01010400019,primary,2026,major_elective,KC2002383,생활사자료읽기,3,2,2,https://hanmun.pusan.ac.kr/docViewer/hanmun/36/30/fileDownload.do,2025학년도 교육과정표 PDF 직접 읽어서 수기 추가 (pdftotext가 다단 표를 못 읽어 자동 파이프라인은 0건 추출)
reqcourse_manual_hanmun_20,U01010400019,primary,2026,major_elective,KC2200860,한국한문학배경론,3,3,1,https://hanmun.pusan.ac.kr/docViewer/hanmun/36/30/fileDownload.do,2025학년도 교육과정표 PDF 직접 읽어서 수기 추가 (pdftotext가 다단 표를 못 읽어 자동 파이프라인은 0건 추출)
reqcourse_manual_hanmun_21,U01010400019,primary,2026,major_elective,KC2800363,한문교육론,3,3,1,https://hanmun.pusan.ac.kr/docViewer/hanmun/36/30/fileDownload.do,2025학년도 교육과정표 PDF 직접 읽어서 수기 추가 (pdftotext가 다단 표를 못 읽어 자동 파이프라인은 0건 추출)
reqcourse_manual_hanmun_22,U01010400019,primary,2026,major_elective,KC2800365,한문과논리논술,2,3,1,https://hanmun.pusan.ac.kr/docViewer/hanmun/36/30/fileDownload.do,2025학년도 교육과정표 PDF 직접 읽어서 수기 추가 (pdftotext가 다단 표를 못 읽어 자동 파이프라인은 0건 추출)
reqcourse_manual_hanmun_23,U01010400019,primary,2026,major_elective,KC3200734,역대사상사자료선독,3,3,1,https://hanmun.pusan.ac.kr/docViewer/hanmun/36/30/fileDownload.do,2025학년도 교육과정표 PDF 직접 읽어서 수기 추가 (pdftotext가 다단 표를 못 읽어 자동 파이프라인은 0건 추출)
reqcourse_manual_hanmun_24,U01010400019,primary,2026,major_elective,KC3200735,역대한시명작선독,3,3,1,https://hanmun.pusan.ac.kr/docViewer/hanmun/36/30/fileDownload.do,2025학년도 교육과정표 PDF 직접 읽어서 수기 추가 (pdftotext가 다단 표를 못 읽어 자동 파이프라인은 0건 추출)
reqcourse_manual_hanmun_25,U01010400019,primary,2026,major_elective,KC2200873,한문문학과지역문화,3,3,1,https://hanmun.pusan.ac.kr/docViewer/hanmun/36/30/fileDownload.do,2025학년도 교육과정표 PDF 직접 읽어서 수기 추가 (pdftotext가 다단 표를 못 읽어 자동 파이프라인은 0건 추출)
reqcourse_manual_hanmun_26,U01010400019,primary,2026,major_elective,KC2002384,고전컨텐츠기획실습(I),3,3,1,https://hanmun.pusan.ac.kr/docViewer/hanmun/36/30/fileDownload.do,2025학년도 교육과정표 PDF 직접 읽어서 수기 추가 (pdftotext가 다단 표를 못 읽어 자동 파이프라인은 0건 추출)
reqcourse_manual_hanmun_27,U01010400019,primary,2026,major_elective,KC2002385,고전컨텐츠기획실습(II),3,3,2,https://hanmun.pusan.ac.kr/docViewer/hanmun/36/30/fileDownload.do,2025학년도 교육과정표 PDF 직접 읽어서 수기 추가 (pdftotext가 다단 표를 못 읽어 자동 파이프라인은 0건 추출)
reqcourse_manual_hanmun_28,U01010400019,primary,2026,major_elective,KC2800364,한문교재연구및지도법,3,3,2,https://hanmun.pusan.ac.kr/docViewer/hanmun/36/30/fileDownload.do,2025학년도 교육과정표 PDF 직접 읽어서 수기 추가 (pdftotext가 다단 표를 못 읽어 자동 파이프라인은 0건 추출)
reqcourse_manual_hanmun_29,U01010400019,primary,2026,major_elective,KC3200740,역대한문산문선독,3,3,2,https://hanmun.pusan.ac.kr/docViewer/hanmun/36/30/fileDownload.do,2025학년도 교육과정표 PDF 직접 읽어서 수기 추가 (pdftotext가 다단 표를 못 읽어 자동 파이프라인은 0건 추출)
reqcourse_manual_hanmun_30,U01010400019,primary,2026,major_elective,KC3200741,한국한문학비평자료선독,3,3,2,https://hanmun.pusan.ac.kr/docViewer/hanmun/36/30/fileDownload.do,2025학년도 교육과정표 PDF 직접 읽어서 수기 추가 (pdftotext가 다단 표를 못 읽어 자동 파이프라인은 0건 추출)
reqcourse_manual_hanmun_31,U01010400019,primary,2026,major_elective,KC2200876,한문문학과전통문화,3,3,2,https://hanmun.pusan.ac.kr/docViewer/hanmun/36/30/fileDownload.do,2025학년도 교육과정표 PDF 직접 읽어서 수기 추가 (pdftotext가 다단 표를 못 읽어 자동 파이프라인은 0건 추출)
reqcourse_manual_hanmun_32,U01010400019,primary,2026,major_elective,KC2400849,한국문학과문화유산(III),1.5,3,2,https://hanmun.pusan.ac.kr/docViewer/hanmun/36/30/fileDownload.do,2025학년도 교육과정표 PDF 직접 읽어서 수기 추가 (pdftotext가 다단 표를 못 읽어 자동 파이프라인은 0건 추출)
reqcourse_manual_hanmun_33,U01010400019,primary,2026,major_elective,KC2200871,한문문학과문예이론,3,4,1,https://hanmun.pusan.ac.kr/docViewer/hanmun/36/30/fileDownload.do,2025학년도 교육과정표 PDF 직접 읽어서 수기 추가 (pdftotext가 다단 표를 못 읽어 자동 파이프라인은 0건 추출)
reqcourse_manual_hanmun_34,U01010400019,primary,2026,major_elective,KC3500518,동아시아고전읽기,3,4,1,https://hanmun.pusan.ac.kr/docViewer/hanmun/36/30/fileDownload.do,2025학년도 교육과정표 PDF 직접 읽어서 수기 추가 (pdftotext가 다단 표를 못 읽어 자동 파이프라인은 0건 추출)
reqcourse_manual_hanmun_35,U01010400019,primary,2026,major_elective,KC3200746,동아시아비교문화자료선독,3,4,1,https://hanmun.pusan.ac.kr/docViewer/hanmun/36/30/fileDownload.do,2025학년도 교육과정표 PDF 직접 읽어서 수기 추가 (pdftotext가 다단 표를 못 읽어 자동 파이프라인은 0건 추출)
reqcourse_manual_hanmun_36,U01010400019,primary,2026,major_elective,KC3200745,한문문학과중세예술,3,4,1,https://hanmun.pusan.ac.kr/docViewer/hanmun/36/30/fileDownload.do,2025학년도 교육과정표 PDF 직접 읽어서 수기 추가 (pdftotext가 다단 표를 못 읽어 자동 파이프라인은 0건 추출)
reqcourse_manual_hanmun_37,U01010400019,primary,2026,major_elective,KC3200722,한문번역실습,3,4,2,https://hanmun.pusan.ac.kr/docViewer/hanmun/36/30/fileDownload.do,2025학년도 교육과정표 PDF 직접 읽어서 수기 추가 (pdftotext가 다단 표를 못 읽어 자동 파이프라인은 0건 추출)
reqcourse_manual_hanmun_38,U01010400019,primary,2026,major_elective,KC3200747,전통의학서선독,3,4,2,https://hanmun.pusan.ac.kr/docViewer/hanmun/36/30/fileDownload.do,2025학년도 교육과정표 PDF 직접 읽어서 수기 추가 (pdftotext가 다단 표를 못 읽어 자동 파이프라인은 0건 추출)
reqcourse_manual_hanmun_39,U01010400019,primary,2026,major_elective,KC2200872,한문문학과문화유산(IV),1.5,4,2,https://hanmun.pusan.ac.kr/docViewer/hanmun/36/30/fileDownload.do,"2025학년도 교육과정표 PDF 직접 읽어서 수기 추가 (pdftotext가 다단 표를 못 읽어 자동 파이프라인은 0건 추출) — 원문 PDF에 KC2200872 코드가 '한문문학과한국역사'와 '한문문학과문화유산(IV)' 두 과목명에 중복 사용됨(원문 자체의 오류로 추정), 확인 필요"
reqcourse_manual_eec_01,U04050100081,primary,2026,major_foundation,ET1500214,일반물리학(I),3,1,1,https://eec.pusan.ac.kr/eehome/3012/subview.do (2026 전기공학전공 교육과정표.pdf),2026학년도 전기공학전공 교육과정표 PDF 직접 읽어서 수기 추가 (단일열처럼 보이는 표인데도 pdftotext가 여전히 못 읽어 자동 파이프라인은 사실상 0건 추출)
reqcourse_manual_eec_02,U04050100081,primary,2026,major_foundation,ET1500039,일반물리학실험(I),1,1,1,https://eec.pusan.ac.kr/eehome/3012/subview.do (2026 전기공학전공 교육과정표.pdf),2026학년도 전기공학전공 교육과정표 PDF 직접 읽어서 수기 추가 (단일열처럼 보이는 표인데도 pdftotext가 여전히 못 읽어 자동 파이프라인은 사실상 0건 추출)
reqcourse_manual_eec_03,U04050100081,primary,2026,major_foundation,ET1500379,공학미적분학(I),3,1,1,https://eec.pusan.ac.kr/eehome/3012/subview.do (2026 전기공학전공 교육과정표.pdf),2026학년도 전기공학전공 교육과정표 PDF 직접 읽어서 수기 추가 (단일열처럼 보이는 표인데도 pdftotext가 여전히 못 읽어 자동 파이프라인은 사실상 0건 추출)
reqcourse_manual_eec_04,U04050100081,primary,2026,major_foundation,ET1500489,일반화학,3,1,1,https://eec.pusan.ac.kr/eehome/3012/subview.do (2026 전기공학전공 교육과정표.pdf),2026학년도 전기공학전공 교육과정표 PDF 직접 읽어서 수기 추가 (단일열처럼 보이는 표인데도 pdftotext가 여전히 못 읽어 자동 파이프라인은 사실상 0건 추출)
reqcourse_manual_eec_05,U04050100081,primary,2026,major_foundation,ET1600575,프로그래밍언어,2,1,1,https://eec.pusan.ac.kr/eehome/3012/subview.do (2026 전기공학전공 교육과정표.pdf),2026학년도 전기공학전공 교육과정표 PDF 직접 읽어서 수기 추가 (단일열처럼 보이는 표인데도 pdftotext가 여전히 못 읽어 자동 파이프라인은 사실상 0건 추출)
reqcourse_manual_eec_06,U04050100081,primary,2026,major_foundation,ET1500215,일반물리학(II),3,1,2,https://eec.pusan.ac.kr/eehome/3012/subview.do (2026 전기공학전공 교육과정표.pdf),2026학년도 전기공학전공 교육과정표 PDF 직접 읽어서 수기 추가 (단일열처럼 보이는 표인데도 pdftotext가 여전히 못 읽어 자동 파이프라인은 사실상 0건 추출)
reqcourse_manual_eec_07,U04050100081,primary,2026,major_foundation,ET1500222,일반물리학실험(II),1,1,2,https://eec.pusan.ac.kr/eehome/3012/subview.do (2026 전기공학전공 교육과정표.pdf),2026학년도 전기공학전공 교육과정표 PDF 직접 읽어서 수기 추가 (단일열처럼 보이는 표인데도 pdftotext가 여전히 못 읽어 자동 파이프라인은 사실상 0건 추출)
reqcourse_manual_eec_08,U04050100081,primary,2026,major_foundation,ET1500380,공학미적분학(II),3,1,2,https://eec.pusan.ac.kr/eehome/3012/subview.do (2026 전기공학전공 교육과정표.pdf),2026학년도 전기공학전공 교육과정표 PDF 직접 읽어서 수기 추가 (단일열처럼 보이는 표인데도 pdftotext가 여전히 못 읽어 자동 파이프라인은 사실상 0건 추출)
reqcourse_manual_eec_09,U04050100081,primary,2026,major_foundation,ET1600708,AI프로그래밍,3,1,2,https://eec.pusan.ac.kr/eehome/3012/subview.do (2026 전기공학전공 교육과정표.pdf),2026학년도 전기공학전공 교육과정표 PDF 직접 읽어서 수기 추가 (단일열처럼 보이는 표인데도 pdftotext가 여전히 못 읽어 자동 파이프라인은 사실상 0건 추출)
reqcourse_manual_eec_10,U04050100081,primary,2026,major_foundation,ET1600556,논리회로및설계,3,2,1,https://eec.pusan.ac.kr/eehome/3012/subview.do (2026 전기공학전공 교육과정표.pdf),2026학년도 전기공학전공 교육과정표 PDF 직접 읽어서 수기 추가 (단일열처럼 보이는 표인데도 pdftotext가 여전히 못 읽어 자동 파이프라인은 사실상 0건 추출)
reqcourse_manual_eec_11,U04050100081,primary,2026,major_required,ET2500203,공학수학(I),3,2,1,https://eec.pusan.ac.kr/eehome/3012/subview.do (2026 전기공학전공 교육과정표.pdf),2026학년도 전기공학전공 교육과정표 PDF 직접 읽어서 수기 추가 (단일열처럼 보이는 표인데도 pdftotext가 여전히 못 읽어 자동 파이프라인은 사실상 0건 추출)
reqcourse_manual_eec_12,U04050100081,primary,2026,major_required,ET2500953,전자기학(I),3,2,1,https://eec.pusan.ac.kr/eehome/3012/subview.do (2026 전기공학전공 교육과정표.pdf),2026학년도 전기공학전공 교육과정표 PDF 직접 읽어서 수기 추가 (단일열처럼 보이는 표인데도 pdftotext가 여전히 못 읽어 자동 파이프라인은 사실상 0건 추출)
reqcourse_manual_eec_13,U04050100081,primary,2026,major_required,ET3500493,전기회로(I),3,2,1,https://eec.pusan.ac.kr/eehome/3012/subview.do (2026 전기공학전공 교육과정표.pdf),2026학년도 전기공학전공 교육과정표 PDF 직접 읽어서 수기 추가 (단일열처럼 보이는 표인데도 pdftotext가 여전히 못 읽어 자동 파이프라인은 사실상 0건 추출)
reqcourse_manual_eec_14,U04050100081,primary,2026,major_required,ET3500665,어드벤처디자인,2,2,1,https://eec.pusan.ac.kr/eehome/3012/subview.do (2026 전기공학전공 교육과정표.pdf),2026학년도 전기공학전공 교육과정표 PDF 직접 읽어서 수기 추가 (단일열처럼 보이는 표인데도 pdftotext가 여전히 못 읽어 자동 파이프라인은 사실상 0건 추출)
reqcourse_manual_eec_15,U04050100081,primary,2026,major_required,ET2700992,공학수학(II),3,2,2,https://eec.pusan.ac.kr/eehome/3012/subview.do (2026 전기공학전공 교육과정표.pdf),2026학년도 전기공학전공 교육과정표 PDF 직접 읽어서 수기 추가 (단일열처럼 보이는 표인데도 pdftotext가 여전히 못 읽어 자동 파이프라인은 사실상 0건 추출)
reqcourse_manual_eec_16,U04050100081,primary,2026,major_required,ET2500985,전자기학(II),3,2,2,https://eec.pusan.ac.kr/eehome/3012/subview.do (2026 전기공학전공 교육과정표.pdf),2026학년도 전기공학전공 교육과정표 PDF 직접 읽어서 수기 추가 (단일열처럼 보이는 표인데도 pdftotext가 여전히 못 읽어 자동 파이프라인은 사실상 0건 추출)
reqcourse_manual_eec_17,U04050100081,primary,2026,major_required,ET3500494,전기회로(II),3,2,2,https://eec.pusan.ac.kr/eehome/3012/subview.do (2026 전기공학전공 교육과정표.pdf),2026학년도 전기공학전공 교육과정표 PDF 직접 읽어서 수기 추가 (단일열처럼 보이는 표인데도 pdftotext가 여전히 못 읽어 자동 파이프라인은 사실상 0건 추출)
reqcourse_manual_eec_18,U04050100081,primary,2026,major_required,ET2600029,신호및시스템,3,2,2,https://eec.pusan.ac.kr/eehome/3012/subview.do (2026 전기공학전공 교육과정표.pdf),2026학년도 전기공학전공 교육과정표 PDF 직접 읽어서 수기 추가 (단일열처럼 보이는 표인데도 pdftotext가 여전히 못 읽어 자동 파이프라인은 사실상 0건 추출)
reqcourse_manual_eec_19,U04050100081,primary,2026,major_required,ET2001446,기초전기전자실험,2,2,2,https://eec.pusan.ac.kr/eehome/3012/subview.do (2026 전기공학전공 교육과정표.pdf),2026학년도 전기공학전공 교육과정표 PDF 직접 읽어서 수기 추가 (단일열처럼 보이는 표인데도 pdftotext가 여전히 못 읽어 자동 파이프라인은 사실상 0건 추출)
reqcourse_manual_eec_20,U04050100081,primary,2026,major_required,ET3100594,전자회로(I),3,3,1,https://eec.pusan.ac.kr/eehome/3012/subview.do (2026 전기공학전공 교육과정표.pdf),2026학년도 전기공학전공 교육과정표 PDF 직접 읽어서 수기 추가 (단일열처럼 보이는 표인데도 pdftotext가 여전히 못 읽어 자동 파이프라인은 사실상 0건 추출)
reqcourse_manual_eec_21,U04050100081,primary,2026,major_required,ET2500706,전기기기(I),3,3,1,https://eec.pusan.ac.kr/eehome/3012/subview.do (2026 전기공학전공 교육과정표.pdf),2026학년도 전기공학전공 교육과정표 PDF 직접 읽어서 수기 추가 (단일열처럼 보이는 표인데도 pdftotext가 여전히 못 읽어 자동 파이프라인은 사실상 0건 추출)
reqcourse_manual_eec_22,U04050100081,primary,2026,major_required,ET2500707,제어공학(I),3,3,1,https://eec.pusan.ac.kr/eehome/3012/subview.do (2026 전기공학전공 교육과정표.pdf),2026학년도 전기공학전공 교육과정표 PDF 직접 읽어서 수기 추가 (단일열처럼 보이는 표인데도 pdftotext가 여전히 못 읽어 자동 파이프라인은 사실상 0건 추출)
reqcourse_manual_eec_23,U04050100081,primary,2026,major_required,ET3100599,응용전기전자실험(I),2,3,1,https://eec.pusan.ac.kr/eehome/3012/subview.do (2026 전기공학전공 교육과정표.pdf),2026학년도 전기공학전공 교육과정표 PDF 직접 읽어서 수기 추가 (단일열처럼 보이는 표인데도 pdftotext가 여전히 못 읽어 자동 파이프라인은 사실상 0건 추출)
reqcourse_manual_eec_24,U04050100081,primary,2026,major_required,ET2500710,전력전자,3,3,2,https://eec.pusan.ac.kr/eehome/3012/subview.do (2026 전기공학전공 교육과정표.pdf),2026학년도 전기공학전공 교육과정표 PDF 직접 읽어서 수기 추가 (단일열처럼 보이는 표인데도 pdftotext가 여전히 못 읽어 자동 파이프라인은 사실상 0건 추출)
reqcourse_manual_eec_25,U04050100081,primary,2026,major_required,ET3100988,전력공학(I),3,3,2,https://eec.pusan.ac.kr/eehome/3012/subview.do (2026 전기공학전공 교육과정표.pdf),2026학년도 전기공학전공 교육과정표 PDF 직접 읽어서 수기 추가 (단일열처럼 보이는 표인데도 pdftotext가 여전히 못 읽어 자동 파이프라인은 사실상 0건 추출)
reqcourse_manual_eec_26,U04050100081,primary,2026,major_required,ET3100600,응용전기전자실험(II),2,3,2,https://eec.pusan.ac.kr/eehome/3012/subview.do (2026 전기공학전공 교육과정표.pdf),2026학년도 전기공학전공 교육과정표 PDF 직접 읽어서 수기 추가 (단일열처럼 보이는 표인데도 pdftotext가 여전히 못 읽어 자동 파이프라인은 사실상 0건 추출)
reqcourse_manual_eec_27,U04050100081,primary,2026,major_required,ET3100537,공학설계과제(I),2,4,1,https://eec.pusan.ac.kr/eehome/3012/subview.do (2026 전기공학전공 교육과정표.pdf),2026학년도 전기공학전공 교육과정표 PDF 직접 읽어서 수기 추가 (단일열처럼 보이는 표인데도 pdftotext가 여전히 못 읽어 자동 파이프라인은 사실상 0건 추출)
reqcourse_manual_eec_28,U04050100081,primary,2026,major_required,ET3100538,공학설계과제(II),2,4,2,https://eec.pusan.ac.kr/eehome/3012/subview.do (2026 전기공학전공 교육과정표.pdf),2026학년도 전기공학전공 교육과정표 PDF 직접 읽어서 수기 추가 (단일열처럼 보이는 표인데도 pdftotext가 여전히 못 읽어 자동 파이프라인은 사실상 0건 추출)
reqcourse_manual_eec_29,U04050100081,primary,2026,major_elective,ET3600169,파이썬데이터사이언스,3,2,2,https://eec.pusan.ac.kr/eehome/3012/subview.do (2026 전기공학전공 교육과정표.pdf),2026학년도 전기공학전공 교육과정표 PDF 직접 읽어서 수기 추가 (단일열처럼 보이는 표인데도 pdftotext가 여전히 못 읽어 자동 파이프라인은 사실상 0건 추출)
reqcourse_manual_eec_30,U04050100081,primary,2026,major_elective,ET2700160,공업논리와논술,3,2,2,https://eec.pusan.ac.kr/eehome/3012/subview.do (2026 전기공학전공 교육과정표.pdf),2026학년도 전기공학전공 교육과정표 PDF 직접 읽어서 수기 추가 (단일열처럼 보이는 표인데도 pdftotext가 여전히 못 읽어 자동 파이프라인은 사실상 0건 추출)
reqcourse_manual_eec_31,U04050100081,primary,2026,major_elective,ET2500797,물리전자,3,3,1,https://eec.pusan.ac.kr/eehome/3012/subview.do (2026 전기공학전공 교육과정표.pdf),2026학년도 전기공학전공 교육과정표 PDF 직접 읽어서 수기 추가 (단일열처럼 보이는 표인데도 pdftotext가 여전히 못 읽어 자동 파이프라인은 사실상 0건 추출)
reqcourse_manual_eec_32,U04050100081,primary,2026,major_elective,ET2600216,마이크로프로세서응용,3,3,1,https://eec.pusan.ac.kr/eehome/3012/subview.do (2026 전기공학전공 교육과정표.pdf),2026학년도 전기공학전공 교육과정표 PDF 직접 읽어서 수기 추가 (단일열처럼 보이는 표인데도 pdftotext가 여전히 못 읽어 자동 파이프라인은 사실상 0건 추출)
reqcourse_manual_eec_33,U04050100081,primary,2026,major_elective,ET2400929,컴퓨터구조,3,3,1,https://eec.pusan.ac.kr/eehome/3012/subview.do (2026 전기공학전공 교육과정표.pdf),2026학년도 전기공학전공 교육과정표 PDF 직접 읽어서 수기 추가 (단일열처럼 보이는 표인데도 pdftotext가 여전히 못 읽어 자동 파이프라인은 사실상 0건 추출)
reqcourse_manual_eec_34,U04050100081,primary,2026,major_elective,ET2600023,확률통계,3,3,1,https://eec.pusan.ac.kr/eehome/3012/subview.do (2026 전기공학전공 교육과정표.pdf),2026학년도 전기공학전공 교육과정표 PDF 직접 읽어서 수기 추가 (단일열처럼 보이는 표인데도 pdftotext가 여전히 못 읽어 자동 파이프라인은 사실상 0건 추출)
reqcourse_manual_eec_35,U04050100081,primary,2026,major_elective,ET2002577,전기재료공학,3,3,1,https://eec.pusan.ac.kr/eehome/3012/subview.do (2026 전기공학전공 교육과정표.pdf),2026학년도 전기공학전공 교육과정표 PDF 직접 읽어서 수기 추가 (단일열처럼 보이는 표인데도 pdftotext가 여전히 못 읽어 자동 파이프라인은 사실상 0건 추출)
reqcourse_manual_eec_36,U04050100081,primary,2026,major_elective,ET2700535,공업교육론,3,3,1,https://eec.pusan.ac.kr/eehome/3012/subview.do (2026 전기공학전공 교육과정표.pdf),2026학년도 전기공학전공 교육과정표 PDF 직접 읽어서 수기 추가 (단일열처럼 보이는 표인데도 pdftotext가 여전히 못 읽어 자동 파이프라인은 사실상 0건 추출)
reqcourse_manual_eec_37,U04050100081,primary,2026,major_elective,ET3100685,전자회로(II),3,3,2,https://eec.pusan.ac.kr/eehome/3012/subview.do (2026 전기공학전공 교육과정표.pdf),2026학년도 전기공학전공 교육과정표 PDF 직접 읽어서 수기 추가 (단일열처럼 보이는 표인데도 pdftotext가 여전히 못 읽어 자동 파이프라인은 사실상 0건 추출)
reqcourse_manual_eec_38,U04050100081,primary,2026,major_elective,ET2500730,전기기기(II),3,3,2,https://eec.pusan.ac.kr/eehome/3012/subview.do (2026 전기공학전공 교육과정표.pdf),2026학년도 전기공학전공 교육과정표 PDF 직접 읽어서 수기 추가 (단일열처럼 보이는 표인데도 pdftotext가 여전히 못 읽어 자동 파이프라인은 사실상 0건 추출)
reqcourse_manual_eec_39,U04050100081,primary,2026,major_elective,ET2500802,제어공학(II),3,3,2,https://eec.pusan.ac.kr/eehome/3012/subview.do (2026 전기공학전공 교육과정표.pdf),2026학년도 전기공학전공 교육과정표 PDF 직접 읽어서 수기 추가 (단일열처럼 보이는 표인데도 pdftotext가 여전히 못 읽어 자동 파이프라인은 사실상 0건 추출)
reqcourse_manual_eec_40,U04050100081,primary,2026,major_elective,ET2600182,디지탈신호처리,3,3,2,https://eec.pusan.ac.kr/eehome/3012/subview.do (2026 전기공학전공 교육과정표.pdf),2026학년도 전기공학전공 교육과정표 PDF 직접 읽어서 수기 추가 (단일열처럼 보이는 표인데도 pdftotext가 여전히 못 읽어 자동 파이프라인은 사실상 0건 추출)
reqcourse_manual_eec_41,U04050100081,primary,2026,major_elective,ET2700471,수치해석,3,3,2,https://eec.pusan.ac.kr/eehome/3012/subview.do (2026 전기공학전공 교육과정표.pdf),2026학년도 전기공학전공 교육과정표 PDF 직접 읽어서 수기 추가 (단일열처럼 보이는 표인데도 pdftotext가 여전히 못 읽어 자동 파이프라인은 사실상 0건 추출)
reqcourse_manual_eec_42,U04050100081,primary,2026,major_elective,ET3500268,머신러닝,3,3,2,https://eec.pusan.ac.kr/eehome/3012/subview.do (2026 전기공학전공 교육과정표.pdf),2026학년도 전기공학전공 교육과정표 PDF 직접 읽어서 수기 추가 (단일열처럼 보이는 표인데도 pdftotext가 여전히 못 읽어 자동 파이프라인은 사실상 0건 추출)
reqcourse_manual_eec_43,U04050100081,primary,2026,major_elective,ET2500805,반도체공학,3,3,2,https://eec.pusan.ac.kr/eehome/3012/subview.do (2026 전기공학전공 교육과정표.pdf),2026학년도 전기공학전공 교육과정표 PDF 직접 읽어서 수기 추가 (단일열처럼 보이는 표인데도 pdftotext가 여전히 못 읽어 자동 파이프라인은 사실상 0건 추출)
reqcourse_manual_eec_44,U04050100081,primary,2026,major_elective,ET2000330,자료구조,3,3,2,https://eec.pusan.ac.kr/eehome/3012/subview.do (2026 전기공학전공 교육과정표.pdf),2026학년도 전기공학전공 교육과정표 PDF 직접 읽어서 수기 추가 (단일열처럼 보이는 표인데도 pdftotext가 여전히 못 읽어 자동 파이프라인은 사실상 0건 추출)
reqcourse_manual_eec_45,U04050100081,primary,2026,major_elective,ET3600582,초전도공학개론,3,3,2,https://eec.pusan.ac.kr/eehome/3012/subview.do (2026 전기공학전공 교육과정표.pdf),2026학년도 전기공학전공 교육과정표 PDF 직접 읽어서 수기 추가 (단일열처럼 보이는 표인데도 pdftotext가 여전히 못 읽어 자동 파이프라인은 사실상 0건 추출)
reqcourse_manual_eec_46,U04050100081,primary,2026,major_elective,ET2700534,공업연구및지도법,3,3,2,https://eec.pusan.ac.kr/eehome/3012/subview.do (2026 전기공학전공 교육과정표.pdf),2026학년도 전기공학전공 교육과정표 PDF 직접 읽어서 수기 추가 (단일열처럼 보이는 표인데도 pdftotext가 여전히 못 읽어 자동 파이프라인은 사실상 0건 추출)
reqcourse_manual_eec_47,U04050100081,primary,2026,major_elective,ET3100880,공학경제,3,4,1,https://eec.pusan.ac.kr/eehome/3012/subview.do (2026 전기공학전공 교육과정표.pdf),2026학년도 전기공학전공 교육과정표 PDF 직접 읽어서 수기 추가 (단일열처럼 보이는 표인데도 pdftotext가 여전히 못 읽어 자동 파이프라인은 사실상 0건 추출)
reqcourse_manual_eec_48,U04050100081,primary,2026,major_elective,ET3100992,전력공학(II),3,4,1,https://eec.pusan.ac.kr/eehome/3012/subview.do (2026 전기공학전공 교육과정표.pdf),2026학년도 전기공학전공 교육과정표 PDF 직접 읽어서 수기 추가 (단일열처럼 보이는 표인데도 pdftotext가 여전히 못 읽어 자동 파이프라인은 사실상 0건 추출)
reqcourse_manual_eec_49,U04050100081,primary,2026,major_elective,ET3600545,아날로그집적회로설계,3,4,1,https://eec.pusan.ac.kr/eehome/3012/subview.do (2026 전기공학전공 교육과정표.pdf),2026학년도 전기공학전공 교육과정표 PDF 직접 읽어서 수기 추가 (단일열처럼 보이는 표인데도 pdftotext가 여전히 못 읽어 자동 파이프라인은 사실상 0건 추출)
reqcourse_manual_eec_50,U04050100081,primary,2026,major_elective,ET3600526,자동차네트워킹,3,4,1,https://eec.pusan.ac.kr/eehome/3012/subview.do (2026 전기공학전공 교육과정표.pdf),2026학년도 전기공학전공 교육과정표 PDF 직접 읽어서 수기 추가 (단일열처럼 보이는 표인데도 pdftotext가 여전히 못 읽어 자동 파이프라인은 사실상 0건 추출)
reqcourse_manual_eec_51,U04050100081,primary,2026,major_elective,ET2500764,고전압공학,3,4,1,https://eec.pusan.ac.kr/eehome/3012/subview.do (2026 전기공학전공 교육과정표.pdf),2026학년도 전기공학전공 교육과정표 PDF 직접 읽어서 수기 추가 (단일열처럼 보이는 표인데도 pdftotext가 여전히 못 읽어 자동 파이프라인은 사실상 0건 추출)
reqcourse_manual_eec_52,U04050100081,primary,2026,major_elective,ET2500807,플라즈마공학,3,4,1,https://eec.pusan.ac.kr/eehome/3012/subview.do (2026 전기공학전공 교육과정표.pdf),2026학년도 전기공학전공 교육과정표 PDF 직접 읽어서 수기 추가 (단일열처럼 보이는 표인데도 pdftotext가 여전히 못 읽어 자동 파이프라인은 사실상 0건 추출)
reqcourse_manual_eec_53,U04050100081,primary,2026,major_elective,ET3600008,지능형로봇공학,3,4,1,https://eec.pusan.ac.kr/eehome/3012/subview.do (2026 전기공학전공 교육과정표.pdf),2026학년도 전기공학전공 교육과정표 PDF 직접 읽어서 수기 추가 (단일열처럼 보이는 표인데도 pdftotext가 여전히 못 읽어 자동 파이프라인은 사실상 0건 추출)
reqcourse_manual_eec_54,U04050100081,primary,2026,major_elective,ET3600542,반도체공정,3,4,1,https://eec.pusan.ac.kr/eehome/3012/subview.do (2026 전기공학전공 교육과정표.pdf),2026학년도 전기공학전공 교육과정표 PDF 직접 읽어서 수기 추가 (단일열처럼 보이는 표인데도 pdftotext가 여전히 못 읽어 자동 파이프라인은 사실상 0건 추출)
reqcourse_manual_eec_55,U04050100081,primary,2026,major_elective,ET2000496,현장실습,6,4,1,https://eec.pusan.ac.kr/eehome/3012/subview.do (2026 전기공학전공 교육과정표.pdf),2026학년도 전기공학전공 교육과정표 PDF 직접 읽어서 수기 추가 (단일열처럼 보이는 표인데도 pdftotext가 여전히 못 읽어 자동 파이프라인은 사실상 0건 추출)
reqcourse_manual_eec_56,U04050100081,primary,2026,major_elective,ET3100688,신재생에너지공학,3,4,2,https://eec.pusan.ac.kr/eehome/3012/subview.do (2026 전기공학전공 교육과정표.pdf),2026학년도 전기공학전공 교육과정표 PDF 직접 읽어서 수기 추가 (단일열처럼 보이는 표인데도 pdftotext가 여전히 못 읽어 자동 파이프라인은 사실상 0건 추출)
reqcourse_manual_eec_57,U04050100081,primary,2026,major_elective,ET3100689,광전자공학,3,4,2,https://eec.pusan.ac.kr/eehome/3012/subview.do (2026 전기공학전공 교육과정표.pdf),2026학년도 전기공학전공 교육과정표 PDF 직접 읽어서 수기 추가 (단일열처럼 보이는 표인데도 pdftotext가 여전히 못 읽어 자동 파이프라인은 사실상 0건 추출)
reqcourse_manual_eec_58,U04050100081,primary,2026,major_elective,ET3600170,바이오메디컬공학,3,4,2,https://eec.pusan.ac.kr/eehome/3012/subview.do (2026 전기공학전공 교육과정표.pdf),2026학년도 전기공학전공 교육과정표 PDF 직접 읽어서 수기 추가 (단일열처럼 보이는 표인데도 pdftotext가 여전히 못 읽어 자동 파이프라인은 사실상 0건 추출)
reqcourse_manual_eec_59,U04050100081,primary,2026,major_elective,ET3100691,전동기제어공학,3,4,2,https://eec.pusan.ac.kr/eehome/3012/subview.do (2026 전기공학전공 교육과정표.pdf),2026학년도 전기공학전공 교육과정표 PDF 직접 읽어서 수기 추가 (단일열처럼 보이는 표인데도 pdftotext가 여전히 못 읽어 자동 파이프라인은 사실상 0건 추출)
reqcourse_manual_eec_60,U04050100081,primary,2026,major_elective,ET3500615,지능형초고주파공학,3,4,2,https://eec.pusan.ac.kr/eehome/3012/subview.do (2026 전기공학전공 교육과정표.pdf),2026학년도 전기공학전공 교육과정표 PDF 직접 읽어서 수기 추가 (단일열처럼 보이는 표인데도 pdftotext가 여전히 못 읽어 자동 파이프라인은 사실상 0건 추출)
reqcourse_manual_eec_61,U04050100081,primary,2026,major_elective,ET3600171,전력경제및스마트그리드,3,4,2,https://eec.pusan.ac.kr/eehome/3012/subview.do (2026 전기공학전공 교육과정표.pdf),2026학년도 전기공학전공 교육과정표 PDF 직접 읽어서 수기 추가 (단일열처럼 보이는 표인데도 pdftotext가 여전히 못 읽어 자동 파이프라인은 사실상 0건 추출)
reqcourse_manual_eec_62,U04050100081,primary,2026,major_elective,ET2001250,고주파집적회로설계,3,4,2,https://eec.pusan.ac.kr/eehome/3012/subview.do (2026 전기공학전공 교육과정표.pdf),2026학년도 전기공학전공 교육과정표 PDF 직접 읽어서 수기 추가 (단일열처럼 보이는 표인데도 pdftotext가 여전히 못 읽어 자동 파이프라인은 사실상 0건 추출)
reqcourse_manual_eec_63,U04050100081,primary,2026,major_elective,ET2001251,전력반도체소자,3,4,2,https://eec.pusan.ac.kr/eehome/3012/subview.do (2026 전기공학전공 교육과정표.pdf),2026학년도 전기공학전공 교육과정표 PDF 직접 읽어서 수기 추가 (단일열처럼 보이는 표인데도 pdftotext가 여전히 못 읽어 자동 파이프라인은 사실상 0건 추출)
reqcourse_manual_eec_64,U04050100081,primary,2026,major_elective,ET2001252,디지털집적회로설계,3,4,2,https://eec.pusan.ac.kr/eehome/3012/subview.do (2026 전기공학전공 교육과정표.pdf),2026학년도 전기공학전공 교육과정표 PDF 직접 읽어서 수기 추가 (단일열처럼 보이는 표인데도 pdftotext가 여전히 못 읽어 자동 파이프라인은 사실상 0건 추출)
reqcourse_manual_eec_65,U04050100081,primary,2026,major_elective,ET2001830,전동기설계,3,4,2,https://eec.pusan.ac.kr/eehome/3012/subview.do (2026 전기공학전공 교육과정표.pdf),2026학년도 전기공학전공 교육과정표 PDF 직접 읽어서 수기 추가 (단일열처럼 보이는 표인데도 pdftotext가 여전히 못 읽어 자동 파이프라인은 사실상 0건 추출)
reqcourse_manual_eec_66,U04050100081,primary,2026,major_elective,ET2001822,플라즈마장비전산설계,3,4,2,https://eec.pusan.ac.kr/eehome/3012/subview.do (2026 전기공학전공 교육과정표.pdf),2026학년도 전기공학전공 교육과정표 PDF 직접 읽어서 수기 추가 (단일열처럼 보이는 표인데도 pdftotext가 여전히 못 읽어 자동 파이프라인은 사실상 0건 추출)
reqcourse_manual_rus_01,U01010800003,primary,2026,major_foundation,RL15175,러시아문화와예술,3,1,1,https://russia.pusan.ac.kr/russia/2312/subview.do (2025학년도 노어노문 교육과정표.pdf),2025학년도 노어노문 교육과정표 PDF 직접 읽어서 수기 추가 (pdftotext가 표를 전혀 못 읽어 자동파이프라인 0건 추출 · Read 툴로 직접 읽어서 해결)
reqcourse_manual_rus_02,U01010800003,primary,2026,major_foundation,RL22323,초급러시아어문법(Ⅱ),3,1,2,https://russia.pusan.ac.kr/russia/2312/subview.do (2025학년도 노어노문 교육과정표.pdf),2025학년도 노어노문 교육과정표 PDF 직접 읽어서 수기 추가 (부전공 필수 마커 ◎)
reqcourse_manual_rus_03,U01010800003,primary,2026,major_foundation,RL15174,러시아학입문,3,1,2,https://russia.pusan.ac.kr/russia/2312/subview.do (2025학년도 노어노문 교육과정표.pdf),2025학년도 노어노문 교육과정표 PDF 직접 읽어서 수기 추가
reqcourse_manual_rus_04,U01010800003,primary,2026,major_foundation,RL16729,초급러시아어회화(Ⅱ),3,1,2,https://russia.pusan.ac.kr/russia/2312/subview.do (2025학년도 노어노문 교육과정표.pdf),2025학년도 노어노문 교육과정표 PDF 직접 읽어서 수기 추가
reqcourse_manual_rus_05,U01010800003,primary,2026,major_required,RL22313,러시아언어학입문,3,2,1,https://russia.pusan.ac.kr/russia/2312/subview.do (2025학년도 노어노문 교육과정표.pdf),2025학년도 노어노문 교육과정표 PDF 직접 읽어서 수기 추가 (부전공 필수 마커 ◎ · 교직 기본이수과목 마커 △)
reqcourse_manual_rus_06,U01010800003,primary,2026,major_required,RL20743,중급러시아어문법(Ⅰ),3,2,1,https://russia.pusan.ac.kr/russia/2312/subview.do (2025학년도 노어노문 교육과정표.pdf),2025학년도 노어노문 교육과정표 PDF 직접 읽어서 수기 추가 (교직 기본이수과목 마커 △)
reqcourse_manual_rus_07,U01010800003,primary,2026,major_required,RL22314,러시아문학입문,3,2,2,https://russia.pusan.ac.kr/russia/2312/subview.do (2025학년도 노어노문 교육과정표.pdf),2025학년도 노어노문 교육과정표 PDF 직접 읽어서 수기 추가 (부전공 필수 마커 ◎ · 교직 기본이수과목 마커 △)
reqcourse_manual_rus_08,U01010800003,primary,2026,major_required,RL20749,중급러시아어문법(Ⅱ),3,2,2,https://russia.pusan.ac.kr/russia/2312/subview.do (2025학년도 노어노문 교육과정표.pdf),2025학년도 노어노문 교육과정표 PDF 직접 읽어서 수기 추가
reqcourse_manual_rus_09,U01010800003,primary,2026,major_required,RL22312,러시아소설의이해,3,3,1,https://russia.pusan.ac.kr/russia/2312/subview.do (2025학년도 노어노문 교육과정표.pdf),2025학년도 노어노문 교육과정표 PDF 직접 읽어서 수기 추가
reqcourse_manual_rus_10,U01010800003,primary,2026,major_required,RL20752,러시아시의산책,3,3,2,https://russia.pusan.ac.kr/russia/2312/subview.do (2025학년도 노어노문 교육과정표.pdf),2025학년도 노어노문 교육과정표 PDF 직접 읽어서 수기 추가
reqcourse_manual_rus_11,U01010800003,primary,2026,major_elective,RL20322,초급러시아어문법(Ⅰ),3,1,1,https://russia.pusan.ac.kr/russia/2312/subview.do (2025학년도 노어노문 교육과정표.pdf),2025학년도 노어노문 교육과정표 PDF 직접 읽어서 수기 추가
reqcourse_manual_rus_12,U01010800003,primary,2026,major_elective,RL16728,초급러시아어회화(Ⅰ),3,1,1,https://russia.pusan.ac.kr/russia/2312/subview.do (2025학년도 노어노문 교육과정표.pdf),2025학년도 노어노문 교육과정표 PDF 직접 읽어서 수기 추가
reqcourse_manual_rus_13,U01010800003,primary,2026,major_elective,RL23304,러시아어강독(Ⅰ),3,2,1,https://russia.pusan.ac.kr/russia/2312/subview.do (2025학년도 노어노문 교육과정표.pdf),2025학년도 노어노문 교육과정표 PDF 직접 읽어서 수기 추가
reqcourse_manual_rus_14,U01010800003,primary,2026,major_elective,RL31986,러시아역사,3,2,1,https://russia.pusan.ac.kr/russia/2312/subview.do (2025학년도 노어노문 교육과정표.pdf),2025학년도 노어노문 교육과정표 PDF 직접 읽어서 수기 추가
reqcourse_manual_rus_15,U01010800003,primary,2026,major_elective,RL20315,중급러시아어회화(Ⅰ),3,2,1,https://russia.pusan.ac.kr/russia/2312/subview.do (2025학년도 노어노문 교육과정표.pdf),2025학년도 노어노문 교육과정표 PDF 직접 읽어서 수기 추가 (교직 기본이수과목 마커 △)
reqcourse_manual_rus_16,U01010800003,primary,2026,major_elective,RL34419,러시아현대생활문화,3,2,1,https://russia.pusan.ac.kr/russia/2312/subview.do (2025학년도 노어노문 교육과정표.pdf),2025학년도 노어노문 교육과정표 PDF 직접 읽어서 수기 추가
reqcourse_manual_rus_17,U01010800003,primary,2026,major_elective,RL20747,러시아문화사,3,2,2,https://russia.pusan.ac.kr/russia/2312/subview.do (2025학년도 노어노문 교육과정표.pdf),2025학년도 노어노문 교육과정표 PDF 직접 읽어서 수기 추가 (교직 기본이수과목 마커 △)
reqcourse_manual_rus_18,U01010800003,primary,2026,major_elective,RL23477,러시아어강독(Ⅱ),3,2,2,https://russia.pusan.ac.kr/russia/2312/subview.do (2025학년도 노어노문 교육과정표.pdf),2025학년도 노어노문 교육과정표 PDF 직접 읽어서 수기 추가
reqcourse_manual_rus_19,U01010800003,primary,2026,major_elective,RL20316,중급러시아어회화(Ⅱ),3,2,2,https://russia.pusan.ac.kr/russia/2312/subview.do (2025학년도 노어노문 교육과정표.pdf),2025학년도 노어노문 교육과정표 PDF 직접 읽어서 수기 추가
reqcourse_manual_rus_20,U01010800003,primary,2026,major_elective,RL23478,러시아어작문,3,2,2,https://russia.pusan.ac.kr/russia/2312/subview.do (2025학년도 노어노문 교육과정표.pdf),2025학년도 노어노문 교육과정표 PDF 직접 읽어서 수기 추가 (교직 기본이수과목 마커 △)
reqcourse_manual_rus_21,U01010800003,primary,2026,major_elective,RL34422,러시아공연예술,3,2,2,https://russia.pusan.ac.kr/russia/2312/subview.do (2025학년도 노어노문 교육과정표.pdf),2025학년도 노어노문 교육과정표 PDF 직접 읽어서 수기 추가
reqcourse_manual_rus_22,U01010800003,primary,2026,major_elective,RL31989,러시아어번역연습,3,3,1,https://russia.pusan.ac.kr/russia/2312/subview.do (2025학년도 노어노문 교육과정표.pdf),2025학년도 노어노문 교육과정표 PDF 직접 읽어서 수기 추가
reqcourse_manual_rus_23,U01010800003,primary,2026,major_elective,RL23659,러시아어사,3,3,1,https://russia.pusan.ac.kr/russia/2312/subview.do (2025학년도 노어노문 교육과정표.pdf),2025학년도 노어노문 교육과정표 PDF 직접 읽어서 수기 추가
reqcourse_manual_rus_24,U01010800003,primary,2026,major_elective,RL20720,러시아민속학,3,3,1,https://russia.pusan.ac.kr/russia/2312/subview.do (2025학년도 노어노문 교육과정표.pdf),2025학년도 노어노문 교육과정표 PDF 직접 읽어서 수기 추가
reqcourse_manual_rus_25,U01010800003,primary,2026,major_elective,RL20317,토르플듣기·말하기(Ⅰ),3,3,1,https://russia.pusan.ac.kr/russia/2312/subview.do (2025학년도 노어노문 교육과정표.pdf),2025학년도 노어노문 교육과정표 PDF 직접 읽어서 수기 추가
reqcourse_manual_rus_26,U01010800003,primary,2026,major_elective,RL27713,러시아어교육론,3,3,1,https://russia.pusan.ac.kr/russia/2312/subview.do (2025학년도 노어노문 교육과정표.pdf),2025학년도 노어노문 교육과정표 PDF 직접 읽어서 수기 추가 (교직 기본이수과목 마커 △ · 교직과정 교과교육영역 마커 □)
reqcourse_manual_rus_27,U01010800003,primary,2026,major_elective,RL35722,포스트소비에트정치사회세미나,3,3,1,https://russia.pusan.ac.kr/russia/2312/subview.do (2025학년도 노어노문 교육과정표.pdf),2025학년도 노어노문 교육과정표 PDF 직접 읽어서 수기 추가
reqcourse_manual_rus_28,U01010800003,primary,2026,major_elective,RL23247,러시아신화와민담,3,3,2,https://russia.pusan.ac.kr/russia/2312/subview.do (2025학년도 노어노문 교육과정표.pdf),2025학년도 노어노문 교육과정표 PDF 직접 읽어서 수기 추가
reqcourse_manual_rus_29,U01010800003,primary,2026,major_elective,RL20321,러시아어의구조,3,3,2,https://russia.pusan.ac.kr/russia/2312/subview.do (2025학년도 노어노문 교육과정표.pdf),2025학년도 노어노문 교육과정표 PDF 직접 읽어서 수기 추가
reqcourse_manual_rus_30,U01010800003,primary,2026,major_elective,RL35703,현대러시아문학,3,3,2,https://russia.pusan.ac.kr/russia/2312/subview.do (2025학년도 노어노문 교육과정표.pdf),2025학년도 노어노문 교육과정표 PDF 직접 읽어서 수기 추가
reqcourse_manual_rus_31,U01010800003,primary,2026,major_elective,RL20318,토르플듣기·말하기(Ⅱ),3,3,2,https://russia.pusan.ac.kr/russia/2312/subview.do (2025학년도 노어노문 교육과정표.pdf),2025학년도 노어노문 교육과정표 PDF 직접 읽어서 수기 추가
reqcourse_manual_rus_32,U01010800003,primary,2026,major_elective,RL20760,러시아드라마,3,3,2,https://russia.pusan.ac.kr/russia/2312/subview.do (2025학년도 노어노문 교육과정표.pdf),2025학년도 노어노문 교육과정표 PDF 직접 읽어서 수기 추가
reqcourse_manual_rus_33,U01010800003,primary,2026,major_elective,RL27688,러시아어논리논술,3,3,2,https://russia.pusan.ac.kr/russia/2312/subview.do (2025학년도 노어노문 교육과정표.pdf),2025학년도 노어노문 교육과정표 PDF 직접 읽어서 수기 추가 (교직과정 교과교육영역 마커 □)
reqcourse_manual_rus_34,U01010800003,primary,2026,major_elective,RL27715,러시아어연구및지도법,3,3,2,https://russia.pusan.ac.kr/russia/2312/subview.do (2025학년도 노어노문 교육과정표.pdf),2025학년도 노어노문 교육과정표 PDF 직접 읽어서 수기 추가 (교직과정 교과교육영역 마커 □)
reqcourse_manual_rus_35,U01010800003,primary,2026,major_elective,RL20319,토르플읽기·쓰기(Ⅰ),3,4,1,https://russia.pusan.ac.kr/russia/2312/subview.do (2025학년도 노어노문 교육과정표.pdf),2025학년도 노어노문 교육과정표 PDF 직접 읽어서 수기 추가
reqcourse_manual_rus_36,U01010800003,primary,2026,major_elective,RL15167,러시아언어학특강,3,4,1,https://russia.pusan.ac.kr/russia/2312/subview.do (2025학년도 노어노문 교육과정표.pdf),2025학년도 노어노문 교육과정표 PDF 직접 읽어서 수기 추가
reqcourse_manual_rus_37,U01010800003,primary,2026,major_elective,RL23276,러시아영화,3,4,1,https://russia.pusan.ac.kr/russia/2312/subview.do (2025학년도 노어노문 교육과정표.pdf),2025학년도 노어노문 교육과정표 PDF 직접 읽어서 수기 추가
reqcourse_manual_rus_38,U01010800003,primary,2026,major_elective,RL34421,러시아문학비평,3,4,1,https://russia.pusan.ac.kr/russia/2312/subview.do (2025학년도 노어노문 교육과정표.pdf),2025학년도 노어노문 교육과정표 PDF 직접 읽어서 수기 추가
reqcourse_manual_rus_39,U01010800003,primary,2026,major_elective,RL20767,러시아문학특강,3,4,2,https://russia.pusan.ac.kr/russia/2312/subview.do (2025학년도 노어노문 교육과정표.pdf),2025학년도 노어노문 교육과정표 PDF 직접 읽어서 수기 추가
reqcourse_manual_rus_40,U01010800003,primary,2026,major_elective,RL23662,비즈니스러시아어,3,4,2,https://russia.pusan.ac.kr/russia/2312/subview.do (2025학년도 노어노문 교육과정표.pdf),2025학년도 노어노문 교육과정표 PDF 직접 읽어서 수기 추가
reqcourse_manual_rus_41,U01010800003,primary,2026,major_elective,RL20320,토르플읽기·쓰기(Ⅱ),3,4,2,https://russia.pusan.ac.kr/russia/2312/subview.do (2025학년도 노어노문 교육과정표.pdf),2025학년도 노어노문 교육과정표 PDF 직접 읽어서 수기 추가
reqcourse_manual_rus_42,U01010800003,primary,2026,major_elective,RL31987,의료관광러시아어,3,4,2,https://russia.pusan.ac.kr/russia/2312/subview.do (2025학년도 노어노문 교육과정표.pdf),2025학년도 노어노문 교육과정표 PDF 직접 읽어서 수기 추가
reqcourse_manual_jpn_01,U01010300010,primary,2026,major_foundation,JL1500176,기초일본어(Ⅰ),3,1,1,https://japan.pusan.ac.kr/japan/16470/subview.do (2026학년도 교육과정표.pdf),2026학년도 일어일문학과 교육과정표 PDF 직접 읽어서 수기 추가 (pdftotext가 표를 전혀 못 읽어 자동파이프라인 0건 추출 · Read 툴로 직접 읽어서 해결)
reqcourse_manual_jpn_02,U01010300010,primary,2026,major_foundation,JL1600236,일본어연습(Ⅰ),3,1,1,https://japan.pusan.ac.kr/japan/16470/subview.do (2026학년도 교육과정표.pdf),2026학년도 일어일문학과 교육과정표 PDF 직접 읽어서 수기 추가
reqcourse_manual_jpn_03,U01010300010,primary,2026,major_foundation,JL1500177,기초일본어(Ⅱ),3,1,2,https://japan.pusan.ac.kr/japan/16470/subview.do (2026학년도 교육과정표.pdf),2026학년도 일어일문학과 교육과정표 PDF 직접 읽어서 수기 추가
reqcourse_manual_jpn_04,U01010300010,primary,2026,major_foundation,JL1600237,일본어연습(Ⅱ),3,1,2,https://japan.pusan.ac.kr/japan/16470/subview.do (2026학년도 교육과정표.pdf),2026학년도 일어일문학과 교육과정표 PDF 직접 읽어서 수기 추가
reqcourse_manual_jpn_05,U01010300010,primary,2026,major_required,JL2100001,일본어문법(Ⅰ),3,2,1,https://japan.pusan.ac.kr/japan/16470/subview.do (2026학년도 교육과정표.pdf),2026학년도 일어일문학과 교육과정표 PDF 직접 읽어서 수기 추가 (부전공 필수 마커 ◎ · 교직 기본이수과목 마커 △)
reqcourse_manual_jpn_06,U01010300010,primary,2026,major_required,JL2000300,일본문학개론,3,2,2,https://japan.pusan.ac.kr/japan/16470/subview.do (2026학년도 교육과정표.pdf),2026학년도 일어일문학과 교육과정표 PDF 직접 읽어서 수기 추가 (부전공 필수 마커 ◎ · 교직 기본이수과목 마커 △)
reqcourse_manual_jpn_07,U01010300010,primary,2026,major_required,JL2000310,일본어학개론,3,2,2,https://japan.pusan.ac.kr/japan/16470/subview.do (2026학년도 교육과정표.pdf),2026학년도 일어일문학과 교육과정표 PDF 직접 읽어서 수기 추가 (부전공 필수 마커 ◎ · 교직 기본이수과목 마커 △)
reqcourse_manual_jpn_08,U01010300010,primary,2026,major_required,JL2000298,일본고전문법,3,3,1,https://japan.pusan.ac.kr/japan/16470/subview.do (2026학년도 교육과정표.pdf),2026학년도 일어일문학과 교육과정표 PDF 직접 읽어서 수기 추가
reqcourse_manual_jpn_09,U01010300010,primary,2026,major_required,JL2000308,일본어사,3,3,2,https://japan.pusan.ac.kr/japan/16470/subview.do (2026학년도 교육과정표.pdf),2026학년도 일어일문학과 교육과정표 PDF 직접 읽어서 수기 추가
reqcourse_manual_jpn_10,U01010300010,primary,2026,major_required,JL2000302,일본문학사,3,3,2,https://japan.pusan.ac.kr/japan/16470/subview.do (2026학년도 교육과정표.pdf),2026학년도 일어일문학과 교육과정표 PDF 직접 읽어서 수기 추가
reqcourse_manual_jpn_11,U01010300010,primary,2026,major_elective,JL2100002,일본어회화(Ⅰ),3,2,1,https://japan.pusan.ac.kr/japan/16470/subview.do (2026학년도 교육과정표.pdf),2026학년도 일어일문학과 교육과정표 PDF 직접 읽어서 수기 추가
reqcourse_manual_jpn_12,U01010300010,primary,2026,major_elective,JL2100003,일문독해(Ⅰ),3,2,1,https://japan.pusan.ac.kr/japan/16470/subview.do (2026학년도 교육과정표.pdf),2026학년도 일어일문학과 교육과정표 PDF 직접 읽어서 수기 추가
reqcourse_manual_jpn_13,U01010300010,primary,2026,major_elective,JL3300036,일본어강독,3,2,1,https://japan.pusan.ac.kr/japan/16470/subview.do (2026학년도 교육과정표.pdf),2026학년도 일어일문학과 교육과정표 PDF 직접 읽어서 수기 추가 (교직 기본이수과목 마커 △)
reqcourse_manual_jpn_14,U01010300010,primary,2026,major_elective,JL2000262,일본사정,3,2,1,https://japan.pusan.ac.kr/japan/16470/subview.do (2026학년도 교육과정표.pdf),2026학년도 일어일문학과 교육과정표 PDF 직접 읽어서 수기 추가
reqcourse_manual_jpn_15,U01010300010,primary,2026,major_elective,JL2000296,시사일본어,3,2,2,https://japan.pusan.ac.kr/japan/16470/subview.do (2026학년도 교육과정표.pdf),2026학년도 일어일문학과 교육과정표 PDF 직접 읽어서 수기 추가
reqcourse_manual_jpn_16,U01010300010,primary,2026,major_elective,JL2100007,일본어회화(Ⅱ),3,2,2,https://japan.pusan.ac.kr/japan/16470/subview.do (2026학년도 교육과정표.pdf),2026학년도 일어일문학과 교육과정표 PDF 직접 읽어서 수기 추가 (교직 기본이수과목 마커 △)
reqcourse_manual_jpn_17,U01010300010,primary,2026,major_elective,JL2100009,일문독해(Ⅱ),3,2,2,https://japan.pusan.ac.kr/japan/16470/subview.do (2026학년도 교육과정표.pdf),2026학년도 일어일문학과 교육과정표 PDF 직접 읽어서 수기 추가
reqcourse_manual_jpn_18,U01010300010,primary,2026,major_elective,JL2002193,일본어음성연습,3,2,2,https://japan.pusan.ac.kr/japan/16470/subview.do (2026학년도 교육과정표.pdf),2026학년도 일어일문학과 교육과정표 PDF 직접 읽어서 수기 추가
reqcourse_manual_jpn_19,U01010300010,primary,2026,major_elective,JL2000303,일본문학특강,3,3,1,https://japan.pusan.ac.kr/japan/16470/subview.do (2026학년도 교육과정표.pdf),2026학년도 일어일문학과 교육과정표 PDF 직접 읽어서 수기 추가
reqcourse_manual_jpn_20,U01010300010,primary,2026,major_elective,JL2100006,일본어작문(Ⅰ),3,3,1,https://japan.pusan.ac.kr/japan/16470/subview.do (2026학년도 교육과정표.pdf),2026학년도 일어일문학과 교육과정표 PDF 직접 읽어서 수기 추가
reqcourse_manual_jpn_21,U01010300010,primary,2026,major_elective,JL2100012,일문독해(Ⅲ),3,3,1,https://japan.pusan.ac.kr/japan/16470/subview.do (2026학년도 교육과정표.pdf),2026학년도 일어일문학과 교육과정표 PDF 직접 읽어서 수기 추가
reqcourse_manual_jpn_22,U01010300010,primary,2026,major_elective,JL2300305,일본현대소설,3,3,1,https://japan.pusan.ac.kr/japan/16470/subview.do (2026학년도 교육과정표.pdf),2026학년도 일어일문학과 교육과정표 PDF 직접 읽어서 수기 추가
reqcourse_manual_jpn_23,U01010300010,primary,2026,major_elective,JL2100013,일본어작문(Ⅱ),3,3,2,https://japan.pusan.ac.kr/japan/16470/subview.do (2026학년도 교육과정표.pdf),2026학년도 일어일문학과 교육과정표 PDF 직접 읽어서 수기 추가 (교직 기본이수과목 마커 △)
reqcourse_manual_jpn_24,U01010300010,primary,2026,major_elective,JL3000703,일본어교과교재및연구법,3,3,2,https://japan.pusan.ac.kr/japan/16470/subview.do (2026학년도 교육과정표.pdf),2026학년도 일어일문학과 교육과정표 PDF 직접 읽어서 수기 추가 (교직과정 교과교육영역 마커 □)
reqcourse_manual_jpn_25,U01010300010,primary,2026,major_elective,JL2002506,중급일본어강독,3,3,2,https://japan.pusan.ac.kr/japan/16470/subview.do (2026학년도 교육과정표.pdf),2026학년도 일어일문학과 교육과정표 PDF 직접 읽어서 수기 추가
reqcourse_manual_jpn_26,U01010300010,primary,2026,major_elective,JL2300311,일본문학번역연습,3,4,1,https://japan.pusan.ac.kr/japan/16470/subview.do (2026학년도 교육과정표.pdf),2026학년도 일어일문학과 교육과정표 PDF 직접 읽어서 수기 추가
reqcourse_manual_jpn_27,U01010300010,primary,2026,major_elective,JL2300313,일본의언어와문화,3,4,1,https://japan.pusan.ac.kr/japan/16470/subview.do (2026학년도 교육과정표.pdf),2026학년도 일어일문학과 교육과정표 PDF 직접 읽어서 수기 추가 (교직 기본이수과목 마커 △)
reqcourse_manual_jpn_28,U01010300010,primary,2026,major_elective,JL3000702,일본어교과교육론,3,4,1,https://japan.pusan.ac.kr/japan/16470/subview.do (2026학년도 교육과정표.pdf),2026학년도 일어일문학과 교육과정표 PDF 직접 읽어서 수기 추가 (교직 기본이수과목 마커 △ · 교직과정 교과교육영역 마커 □)
reqcourse_manual_jpn_29,U01010300010,primary,2026,major_elective,JL2002196,현대일본대중문화,3,4,1,https://japan.pusan.ac.kr/japan/16470/subview.do (2026학년도 교육과정표.pdf),2026학년도 일어일문학과 교육과정표 PDF 직접 읽어서 수기 추가
reqcourse_manual_jpn_30,U01010300010,primary,2026,major_elective,JL3000710,일본어교과논리및논술,3,4,2,https://japan.pusan.ac.kr/japan/16470/subview.do (2026학년도 교육과정표.pdf),2026학년도 일어일문학과 교육과정표 PDF 직접 읽어서 수기 추가 (교직과정 교과교육영역 마커 □)
reqcourse_manual_jpn_31,U01010300010,primary,2026,major_elective,JL3400237,일본명시감상,3,4,2,https://japan.pusan.ac.kr/japan/16470/subview.do (2026학년도 교육과정표.pdf),2026학년도 일어일문학과 교육과정표 PDF 직접 읽어서 수기 추가
reqcourse_manual_jpn_32,U01010300010,primary,2026,major_elective,JL2002195,근대일본문학과사회,3,4,2,https://japan.pusan.ac.kr/japan/16470/subview.do (2026학년도 교육과정표.pdf),2026학년도 일어일문학과 교육과정표 PDF 직접 읽어서 수기 추가
reqcourse_manual_jpn_33,U01010300010,primary,2026,major_elective,JL2002267,현대일본어문법연습,3,4,2,https://japan.pusan.ac.kr/japan/16470/subview.do (2026학년도 교육과정표.pdf),2026학년도 일어일문학과 교육과정표 PDF 직접 읽어서 수기 추가
reqcourse_manual_env_01,U05020600045,primary,2026,major_foundation,EN1500382,공학미적분학,3,1,1,https://pnuenv.pusan.ac.kr/bbs/pnuenv/687/1117382/download.do (2025학년도 2차 환경공학전공 교육과정표.pdf),환경공학과 게시판 첨부 PDF 직접 다운로드+읽어서 수기 추가 (HTML 게시글 자체엔 표 없이 첨부파일뿐이라 자동파이프라인 0건 추출 · PDF는 미다운로드 상태였음)
reqcourse_manual_env_02,U05020600045,primary,2026,major_foundation,EN1500670,일반물리학,3,1,1,https://pnuenv.pusan.ac.kr/bbs/pnuenv/687/1117382/download.do (2025학년도 2차 환경공학전공 교육과정표.pdf),환경공학과 게시판 첨부 PDF 직접 다운로드+읽어서 수기 추가
reqcourse_manual_env_03,U05020600045,primary,2026,major_foundation,EN1500845,일반화학(I),3,1,1,https://pnuenv.pusan.ac.kr/bbs/pnuenv/687/1117382/download.do (2025학년도 2차 환경공학전공 교육과정표.pdf),환경공학과 게시판 첨부 PDF 직접 다운로드+읽어서 수기 추가
reqcourse_manual_env_04,U05020600045,primary,2026,major_foundation,EN1600752,일반화학실험,1,1,1,https://pnuenv.pusan.ac.kr/bbs/pnuenv/687/1117382/download.do (2025학년도 2차 환경공학전공 교육과정표.pdf),환경공학과 게시판 첨부 PDF 직접 다운로드+읽어서 수기 추가
reqcourse_manual_env_05,U05020600045,primary,2026,major_foundation,EN1600754,공학통계학,3,1,1,https://pnuenv.pusan.ac.kr/bbs/pnuenv/687/1117382/download.do (2025학년도 2차 환경공학전공 교육과정표.pdf),환경공학과 게시판 첨부 PDF 직접 다운로드+읽어서 수기 추가
reqcourse_manual_env_06,U05020600045,primary,2026,major_foundation,EN1500570,공학선형대수학,3,1,2,https://pnuenv.pusan.ac.kr/bbs/pnuenv/687/1117382/download.do (2025학년도 2차 환경공학전공 교육과정표.pdf),환경공학과 게시판 첨부 PDF 직접 다운로드+읽어서 수기 추가
reqcourse_manual_env_07,U05020600045,primary,2026,major_foundation,EN1500824,일반생물학,3,1,2,https://pnuenv.pusan.ac.kr/bbs/pnuenv/687/1117382/download.do (2025학년도 2차 환경공학전공 교육과정표.pdf),환경공학과 게시판 첨부 PDF 직접 다운로드+읽어서 수기 추가
reqcourse_manual_env_08,U05020600045,primary,2026,major_foundation,EN1500847,일반화학(II),3,1,2,https://pnuenv.pusan.ac.kr/bbs/pnuenv/687/1117382/download.do (2025학년도 2차 환경공학전공 교육과정표.pdf),환경공학과 게시판 첨부 PDF 직접 다운로드+읽어서 수기 추가
reqcourse_manual_env_09,U05020600045,primary,2026,major_foundation,EN1600753,환경정보학,3,1,2,https://pnuenv.pusan.ac.kr/bbs/pnuenv/687/1117382/download.do (2025학년도 2차 환경공학전공 교육과정표.pdf),환경공학과 게시판 첨부 PDF 직접 다운로드+읽어서 수기 추가
reqcourse_manual_env_10,U05020600045,primary,2026,major_required,EN1500385,공학수학,3,2,1,https://pnuenv.pusan.ac.kr/bbs/pnuenv/687/1117382/download.do (2025학년도 2차 환경공학전공 교육과정표.pdf),환경공학과 게시판 첨부 PDF 직접 다운로드+읽어서 수기 추가
reqcourse_manual_env_11,U05020600045,primary,2026,major_required,EN2200556,수화학,3,2,1,https://pnuenv.pusan.ac.kr/bbs/pnuenv/687/1117382/download.do (2025학년도 2차 환경공학전공 교육과정표.pdf),환경공학과 게시판 첨부 PDF 직접 다운로드+읽어서 수기 추가
reqcourse_manual_env_12,U05020600045,primary,2026,major_required,EN2200993,미생물학,3,2,1,https://pnuenv.pusan.ac.kr/bbs/pnuenv/687/1117382/download.do (2025학년도 2차 환경공학전공 교육과정표.pdf),환경공학과 게시판 첨부 PDF 직접 다운로드+읽어서 수기 추가
reqcourse_manual_env_13,U05020600045,primary,2026,major_required,EN2300834,유체역학,3,2,1,https://pnuenv.pusan.ac.kr/bbs/pnuenv/687/1117382/download.do (2025학년도 2차 환경공학전공 교육과정표.pdf),환경공학과 게시판 첨부 PDF 직접 다운로드+읽어서 수기 추가
reqcourse_manual_env_14,U05020600045,primary,2026,major_required,EN3500463,환경양론,3,2,1,https://pnuenv.pusan.ac.kr/bbs/pnuenv/687/1117382/download.do (2025학년도 2차 환경공학전공 교육과정표.pdf),환경공학과 게시판 첨부 PDF 직접 다운로드+읽어서 수기 추가
reqcourse_manual_env_15,U05020600045,primary,2026,major_required,EN2700445,유기화학,3,2,2,https://pnuenv.pusan.ac.kr/bbs/pnuenv/687/1117382/download.do (2025학년도 2차 환경공학전공 교육과정표.pdf),환경공학과 게시판 첨부 PDF 직접 다운로드+읽어서 수기 추가
reqcourse_manual_env_16,U05020600045,primary,2026,major_required,EN3300756,이화학수처리공학,3,2,2,https://pnuenv.pusan.ac.kr/bbs/pnuenv/687/1117382/download.do (2025학년도 2차 환경공학전공 교육과정표.pdf),환경공학과 게시판 첨부 PDF 직접 다운로드+읽어서 수기 추가
reqcourse_manual_env_17,U05020600045,primary,2026,major_required,EN3300757,대기오염개론,3,2,2,https://pnuenv.pusan.ac.kr/bbs/pnuenv/687/1117382/download.do (2025학년도 2차 환경공학전공 교육과정표.pdf),환경공학과 게시판 첨부 PDF 직접 다운로드+읽어서 수기 추가 (원문에 부전공(Y) 표시)
reqcourse_manual_env_18,U05020600045,primary,2026,major_required,EN2001447,환경기기분석,3,3,1,https://pnuenv.pusan.ac.kr/bbs/pnuenv/687/1117382/download.do (2025학년도 2차 환경공학전공 교육과정표.pdf),환경공학과 게시판 첨부 PDF 직접 다운로드+읽어서 수기 추가
reqcourse_manual_env_19,U05020600045,primary,2026,major_required,EN2700469,반응공학,3,3,1,https://pnuenv.pusan.ac.kr/bbs/pnuenv/687/1117382/download.do (2025학년도 2차 환경공학전공 교육과정표.pdf),환경공학과 게시판 첨부 PDF 직접 다운로드+읽어서 수기 추가
reqcourse_manual_env_20,U05020600045,primary,2026,major_required,EN3300760,환경공학수질실험,2,3,1,https://pnuenv.pusan.ac.kr/bbs/pnuenv/687/1117382/download.do (2025학년도 2차 환경공학전공 교육과정표.pdf),환경공학과 게시판 첨부 PDF 직접 다운로드+읽어서 수기 추가
reqcourse_manual_env_21,U05020600045,primary,2026,major_required,EN2100710,수계수질관리,3,3,2,https://pnuenv.pusan.ac.kr/bbs/pnuenv/687/1117382/download.do (2025학년도 2차 환경공학전공 교육과정표.pdf),환경공학과 게시판 첨부 PDF 직접 다운로드+읽어서 수기 추가
reqcourse_manual_env_22,U05020600045,primary,2026,major_required,EN2300780,폐기물공학,3,3,2,https://pnuenv.pusan.ac.kr/bbs/pnuenv/687/1117382/download.do (2025학년도 2차 환경공학전공 교육과정표.pdf),환경공학과 게시판 첨부 PDF 직접 다운로드+읽어서 수기 추가 (원문에 부전공(Y) 표시)
reqcourse_manual_env_23,U05020600045,primary,2026,major_required,EN3300758,미생물수처리공학,3,3,2,https://pnuenv.pusan.ac.kr/bbs/pnuenv/687/1117382/download.do (2025학년도 2차 환경공학전공 교육과정표.pdf),환경공학과 게시판 첨부 PDF 직접 다운로드+읽어서 수기 추가 (원문에 부전공(Y) 표시)
reqcourse_manual_env_24,U05020600045,primary,2026,major_required,EN3300761,환경공학대기실험,2,3,2,https://pnuenv.pusan.ac.kr/bbs/pnuenv/687/1117382/download.do (2025학년도 2차 환경공학전공 교육과정표.pdf),환경공학과 게시판 첨부 PDF 직접 다운로드+읽어서 수기 추가
reqcourse_manual_env_25,U05020600045,primary,2026,major_required,EN3300762,기후변화와신재생에너지,3,3,2,https://pnuenv.pusan.ac.kr/bbs/pnuenv/687/1117382/download.do (2025학년도 2차 환경공학전공 교육과정표.pdf),환경공학과 게시판 첨부 PDF 직접 다운로드+읽어서 수기 추가
reqcourse_manual_env_26,U05020600045,primary,2026,major_required,EN3600177,환경창의프로젝트,2,4,1,https://pnuenv.pusan.ac.kr/bbs/pnuenv/687/1117382/download.do (2025학년도 2차 환경공학전공 교육과정표.pdf),환경공학과 게시판 첨부 PDF 직접 다운로드+읽어서 수기 추가
reqcourse_manual_env_27,U05020600045,primary,2026,major_elective,EN3300763,환경수문학,3,2,1,https://pnuenv.pusan.ac.kr/bbs/pnuenv/687/1117382/download.do (2025학년도 2차 환경공학전공 교육과정표.pdf),환경공학과 게시판 첨부 PDF 직접 다운로드+읽어서 수기 추가
reqcourse_manual_env_28,U05020600045,primary,2026,major_elective,EN3500746,환경재료,3,2,1,https://pnuenv.pusan.ac.kr/bbs/pnuenv/687/1117382/download.do (2025학년도 2차 환경공학전공 교육과정표.pdf),환경공학과 게시판 첨부 PDF 직접 다운로드+읽어서 수기 추가
reqcourse_manual_env_29,U05020600045,primary,2026,major_elective,EN2001001,환경데이터프로그래밍,3,2,2,https://pnuenv.pusan.ac.kr/bbs/pnuenv/687/1117382/download.do (2025학년도 2차 환경공학전공 교육과정표.pdf),환경공학과 게시판 첨부 PDF 직접 다운로드+읽어서 수기 추가
reqcourse_manual_env_30,U05020600045,primary,2026,major_elective,EN2001556,미기상학,3,2,2,https://pnuenv.pusan.ac.kr/bbs/pnuenv/687/1117382/download.do (2025학년도 2차 환경공학전공 교육과정표.pdf),환경공학과 게시판 첨부 PDF 직접 다운로드+읽어서 수기 추가
reqcourse_manual_env_31,U05020600045,primary,2026,major_elective,EN2300862,응용유체역학,3,2,2,https://pnuenv.pusan.ac.kr/bbs/pnuenv/687/1117382/download.do (2025학년도 2차 환경공학전공 교육과정표.pdf),환경공학과 게시판 첨부 PDF 직접 다운로드+읽어서 수기 추가
reqcourse_manual_env_32,U05020600045,primary,2026,major_elective,EN2700449,열역학,3,2,2,https://pnuenv.pusan.ac.kr/bbs/pnuenv/687/1117382/download.do (2025학년도 2차 환경공학전공 교육과정표.pdf),환경공학과 게시판 첨부 PDF 직접 다운로드+읽어서 수기 추가
reqcourse_manual_env_33,U05020600045,primary,2026,major_elective,EN2300837,수치해석,3,3,1,https://pnuenv.pusan.ac.kr/bbs/pnuenv/687/1117382/download.do (2025학년도 2차 환경공학전공 교육과정표.pdf),환경공학과 게시판 첨부 PDF 직접 다운로드+읽어서 수기 추가
reqcourse_manual_env_34,U05020600045,primary,2026,major_elective,EN2300890,소각및열분해공학,3,3,1,https://pnuenv.pusan.ac.kr/bbs/pnuenv/687/1117382/download.do (2025학년도 2차 환경공학전공 교육과정표.pdf),환경공학과 게시판 첨부 PDF 직접 다운로드+읽어서 수기 추가
reqcourse_manual_env_35,U05020600045,primary,2026,major_elective,EN2700477,가스처리공학,3,3,1,https://pnuenv.pusan.ac.kr/bbs/pnuenv/687/1117382/download.do (2025학년도 2차 환경공학전공 교육과정표.pdf),환경공학과 게시판 첨부 PDF 직접 다운로드+읽어서 수기 추가
reqcourse_manual_env_36,U05020600045,primary,2026,major_elective,EN3300759,미세먼지제어공학,3,3,1,https://pnuenv.pusan.ac.kr/bbs/pnuenv/687/1117382/download.do (2025학년도 2차 환경공학전공 교육과정표.pdf),환경공학과 게시판 첨부 PDF 직접 다운로드+읽어서 수기 추가
reqcourse_manual_env_37,U05020600045,primary,2026,major_elective,EN3400323,온실가스관리공학,3,3,1,https://pnuenv.pusan.ac.kr/bbs/pnuenv/687/1117382/download.do (2025학년도 2차 환경공학전공 교육과정표.pdf),환경공학과 게시판 첨부 PDF 직접 다운로드+읽어서 수기 추가
reqcourse_manual_env_38,U05020600045,primary,2026,major_elective,EN3400533,대기오염모델링,3,3,1,https://pnuenv.pusan.ac.kr/bbs/pnuenv/687/1117382/download.do (2025학년도 2차 환경공학전공 교육과정표.pdf),환경공학과 게시판 첨부 PDF 직접 다운로드+읽어서 수기 추가
reqcourse_manual_env_39,U05020600045,primary,2026,major_elective,EN2001842,폐기물에너지전환,3,3,2,https://pnuenv.pusan.ac.kr/bbs/pnuenv/687/1117382/download.do (2025학년도 2차 환경공학전공 교육과정표.pdf),환경공학과 게시판 첨부 PDF 직접 다운로드+읽어서 수기 추가
reqcourse_manual_env_40,U05020600045,primary,2026,major_elective,EN2002534,환경전과정평가,3,3,2,https://pnuenv.pusan.ac.kr/bbs/pnuenv/687/1117382/download.do (2025학년도 2차 환경공학전공 교육과정표.pdf),환경공학과 게시판 첨부 PDF 직접 다운로드+읽어서 수기 추가
reqcourse_manual_env_41,U05020600045,primary,2026,major_elective,EN2300891,자원재생공학,3,3,2,https://pnuenv.pusan.ac.kr/bbs/pnuenv/687/1117382/download.do (2025학년도 2차 환경공학전공 교육과정표.pdf),환경공학과 게시판 첨부 PDF 직접 다운로드+읽어서 수기 추가
reqcourse_manual_env_42,U05020600045,primary,2026,major_elective,EN2600748,토양지하수오염복원공학,3,3,2,https://pnuenv.pusan.ac.kr/bbs/pnuenv/687/1117382/download.do (2025학년도 2차 환경공학전공 교육과정표.pdf),환경공학과 게시판 첨부 PDF 직접 다운로드+읽어서 수기 추가
reqcourse_manual_env_43,U05020600045,primary,2026,major_elective,EN3500459,환경분리공정,3,3,2,https://pnuenv.pusan.ac.kr/bbs/pnuenv/687/1117382/download.do (2025학년도 2차 환경공학전공 교육과정표.pdf),환경공학과 게시판 첨부 PDF 직접 다운로드+읽어서 수기 추가
reqcourse_manual_env_44,U05020600045,primary,2026,major_elective,EN3500464,스마트워터그리드공학,3,3,2,https://pnuenv.pusan.ac.kr/bbs/pnuenv/687/1117382/download.do (2025학년도 2차 환경공학전공 교육과정표.pdf),환경공학과 게시판 첨부 PDF 직접 다운로드+읽어서 수기 추가
reqcourse_manual_env_45,U05020600045,primary,2026,major_elective,EN2001002,환경지능모델링,3,4,1,https://pnuenv.pusan.ac.kr/bbs/pnuenv/687/1117382/download.do (2025학년도 2차 환경공학전공 교육과정표.pdf),환경공학과 게시판 첨부 PDF 직접 다운로드+읽어서 수기 추가
reqcourse_manual_env_46,U05020600045,primary,2026,major_elective,EN2001557,환경플랜트설계,3,4,1,https://pnuenv.pusan.ac.kr/bbs/pnuenv/687/1117382/download.do (2025학년도 2차 환경공학전공 교육과정표.pdf),환경공학과 게시판 첨부 PDF 직접 다운로드+읽어서 수기 추가
reqcourse_manual_env_47,U05020600045,primary,2026,major_elective,EN2300896,환경위해성평가,3,4,1,https://pnuenv.pusan.ac.kr/bbs/pnuenv/687/1117382/download.do (2025학년도 2차 환경공학전공 교육과정표.pdf),환경공학과 게시판 첨부 PDF 직접 다운로드+읽어서 수기 추가
reqcourse_manual_env_48,U05020600045,primary,2026,major_elective,EN2300897,환경정책론,3,4,1,https://pnuenv.pusan.ac.kr/bbs/pnuenv/687/1117382/download.do (2025학년도 2차 환경공학전공 교육과정표.pdf),환경공학과 게시판 첨부 PDF 직접 다운로드+읽어서 수기 추가
reqcourse_manual_env_49,U05020600045,primary,2026,major_elective,EN3300764,환경안전및핵폐기물관리,3,4,1,https://pnuenv.pusan.ac.kr/bbs/pnuenv/687/1117382/download.do (2025학년도 2차 환경공학전공 교육과정표.pdf),환경공학과 게시판 첨부 PDF 직접 다운로드+읽어서 수기 추가
reqcourse_manual_env_50,U05020600045,primary,2026,major_elective,EN3600179,종합설계세미나,1,4,1,https://pnuenv.pusan.ac.kr/bbs/pnuenv/687/1117382/download.do (2025학년도 2차 환경공학전공 교육과정표.pdf),환경공학과 게시판 첨부 PDF 직접 다운로드+읽어서 수기 추가
reqcourse_manual_env_51,U05020600045,primary,2026,major_elective,EN2700417,하해공학,3,4,2,https://pnuenv.pusan.ac.kr/bbs/pnuenv/687/1117382/download.do (2025학년도 2차 환경공학전공 교육과정표.pdf),환경공학과 게시판 첨부 PDF 직접 다운로드+읽어서 수기 추가
reqcourse_manual_env_52,U05020600045,primary,2026,major_elective,EN2700441,환경영향평가,3,4,2,https://pnuenv.pusan.ac.kr/bbs/pnuenv/687/1117382/download.do (2025학년도 2차 환경공학전공 교육과정표.pdf),환경공학과 게시판 첨부 PDF 직접 다운로드+읽어서 수기 추가
reqcourse_manual_env_53,U05020600045,primary,2026,major_elective,EN2900976,환경오염조사론,3,4,2,https://pnuenv.pusan.ac.kr/bbs/pnuenv/687/1117382/download.do (2025학년도 2차 환경공학전공 교육과정표.pdf),환경공학과 게시판 첨부 PDF 직접 다운로드+읽어서 수기 추가
reqcourse_manual_env_54,U05020600045,primary,2026,major_elective,EN3300765,소음진동학,3,4,2,https://pnuenv.pusan.ac.kr/bbs/pnuenv/687/1117382/download.do (2025학년도 2차 환경공학전공 교육과정표.pdf),환경공학과 게시판 첨부 PDF 직접 다운로드+읽어서 수기 추가
reqcourse_manual_env_55,U05020600045,primary,2026,major_elective,EN3600178,환경창의연구,3,4,2,https://pnuenv.pusan.ac.kr/bbs/pnuenv/687/1117382/download.do (2025학년도 2차 환경공학전공 교육과정표.pdf),환경공학과 게시판 첨부 PDF 직접 다운로드+읽어서 수기 추가
reqcourse_manual_fre_01,U01011000004,primary,2026,major_foundation,FL1600211,기초프랑스어,3,1,1,https://french.pusan.ac.kr/french/5575/subview.do (불어불문학과 교육과정표 2025.2학기 개정.pdf),2026학년도 1차 불어불문학과 교육과정표 PDF 직접 읽어서 수기 추가 (기존 자동추출 27건은 2017년 구 PDF/부전공·심화전공 체크리스트에서 나온 것이라 최신 본표와 별개 · pdftotext가 이 최신 표는 여전히 0건 추출)
reqcourse_manual_fre_02,U01011000004,primary,2026,major_foundation,FL1600563,기초프랑스어회화,3,1,1,https://french.pusan.ac.kr/french/5575/subview.do (불어불문학과 교육과정표 2025.2학기 개정.pdf),2026학년도 1차 불어불문학과 교육과정표 PDF 직접 읽어서 수기 추가
reqcourse_manual_fre_03,U01011000004,primary,2026,major_foundation,FL1600257,프랑스문학개론,3,2,1,https://french.pusan.ac.kr/french/5575/subview.do (불어불문학과 교육과정표 2025.2학기 개정.pdf),2026학년도 1차 불어불문학과 교육과정표 PDF 직접 읽어서 수기 추가 (원문에 부전공(Y) 표시)
reqcourse_manual_fre_04,U01011000004,primary,2026,major_foundation,FL1600260,프랑스언어학개론,3,2,2,https://french.pusan.ac.kr/french/5575/subview.do (불어불문학과 교육과정표 2025.2학기 개정.pdf),2026학년도 1차 불어불문학과 교육과정표 PDF 직접 읽어서 수기 추가 (원문에 부전공(Y) 표시)
reqcourse_manual_fre_05,U01011000004,primary,2026,major_required,FL3500387,프랑스어 기본구조와 문법,3,1,2,https://french.pusan.ac.kr/french/5575/subview.do (불어불문학과 교육과정표 2025.2학기 개정.pdf),2026학년도 1차 불어불문학과 교육과정표 PDF 직접 읽어서 수기 추가 (원문에 부전공(Y) 표시)
reqcourse_manual_fre_06,U01011000004,primary,2026,major_required,FL2000571,프랑스어강독,3,2,1,https://french.pusan.ac.kr/french/5575/subview.do (불어불문학과 교육과정표 2025.2학기 개정.pdf),2026학년도 1차 불어불문학과 교육과정표 PDF 직접 읽어서 수기 추가 (원문에 부전공(Y) 표시)
reqcourse_manual_fre_07,U01011000004,primary,2026,major_required,FL2003326,17~18세기프랑스문학,3,3,1,https://french.pusan.ac.kr/french/5575/subview.do (불어불문학과 교육과정표 2025.2학기 개정.pdf),2026학년도 1차 불어불문학과 교육과정표 PDF 직접 읽어서 수기 추가
reqcourse_manual_fre_08,U01011000004,primary,2026,major_required,FL3500388,언어구조와번역(I),3,3,1,https://french.pusan.ac.kr/french/5575/subview.do (불어불문학과 교육과정표 2025.2학기 개정.pdf),2026학년도 1차 불어불문학과 교육과정표 PDF 직접 읽어서 수기 추가
reqcourse_manual_fre_09,U01011000004,primary,2026,major_required,FL2003327,19세기프랑스문학,3,3,2,https://french.pusan.ac.kr/french/5575/subview.do (불어불문학과 교육과정표 2025.2학기 개정.pdf),2026학년도 1차 불어불문학과 교육과정표 PDF 직접 읽어서 수기 추가
reqcourse_manual_fre_10,U01011000004,primary,2026,major_required,FL2003320,20세기프랑스문학,3,4,1,https://french.pusan.ac.kr/french/5575/subview.do (불어불문학과 교육과정표 2025.2학기 개정.pdf),2026학년도 1차 불어불문학과 교육과정표 PDF 직접 읽어서 수기 추가
reqcourse_manual_fre_11,U01011000004,primary,2026,major_elective,FL2000584,프랑스어회화(I),3,1,2,https://french.pusan.ac.kr/french/5575/subview.do (불어불문학과 교육과정표 2025.2학기 개정.pdf),2026학년도 1차 불어불문학과 교육과정표 PDF 직접 읽어서 수기 추가
reqcourse_manual_fre_12,U01011000004,primary,2026,major_elective,FL2003319,유럽과프랑스미디어이해,3,2,1,https://french.pusan.ac.kr/french/5575/subview.do (불어불문학과 교육과정표 2025.2학기 개정.pdf),2026학년도 1차 불어불문학과 교육과정표 PDF 직접 읽어서 수기 추가
reqcourse_manual_fre_13,U01011000004,primary,2026,major_elective,FL2003322,프랑스산문,3,2,1,https://french.pusan.ac.kr/french/5575/subview.do (불어불문학과 교육과정표 2025.2학기 개정.pdf),2026학년도 1차 불어불문학과 교육과정표 PDF 직접 읽어서 수기 추가
reqcourse_manual_fre_14,U01011000004,primary,2026,major_elective,FL3400047,프랑스어회화(II),3,2,1,https://french.pusan.ac.kr/french/5575/subview.do (불어불문학과 교육과정표 2025.2학기 개정.pdf),2026학년도 1차 불어불문학과 교육과정표 PDF 직접 읽어서 수기 추가
reqcourse_manual_fre_15,U01011000004,primary,2026,major_elective,FL3500390,프랑스어 확장구조와 문법,3,2,1,https://french.pusan.ac.kr/french/5575/subview.do (불어불문학과 교육과정표 2025.2학기 개정.pdf),2026학년도 1차 불어불문학과 교육과정표 PDF 직접 읽어서 수기 추가
reqcourse_manual_fre_16,U01011000004,primary,2026,major_elective,FL2000561,프랑스단편소설,3,2,2,https://french.pusan.ac.kr/french/5575/subview.do (불어불문학과 교육과정표 2025.2학기 개정.pdf),2026학년도 1차 불어불문학과 교육과정표 PDF 직접 읽어서 수기 추가
reqcourse_manual_fre_17,U01011000004,primary,2026,major_elective,FL2003321,프랑스문화의이해,3,2,2,https://french.pusan.ac.kr/french/5575/subview.do (불어불문학과 교육과정표 2025.2학기 개정.pdf),2026학년도 1차 불어불문학과 교육과정표 PDF 직접 읽어서 수기 추가
reqcourse_manual_fre_18,U01011000004,primary,2026,major_elective,FL3400048,프랑스어회화(III),3,2,2,https://french.pusan.ac.kr/french/5575/subview.do (불어불문학과 교육과정표 2025.2학기 개정.pdf),2026학년도 1차 불어불문학과 교육과정표 PDF 직접 읽어서 수기 추가
reqcourse_manual_fre_19,U01011000004,primary,2026,major_elective,FL3500391,프랑스어 복문구조와 심화문법,3,2,2,https://french.pusan.ac.kr/french/5575/subview.do (불어불문학과 교육과정표 2025.2학기 개정.pdf),2026학년도 1차 불어불문학과 교육과정표 PDF 직접 읽어서 수기 추가
reqcourse_manual_fre_20,U01011000004,primary,2026,major_elective,FL3500413,프랑스와유럽연합,3,2,2,https://french.pusan.ac.kr/french/5575/subview.do (불어불문학과 교육과정표 2025.2학기 개정.pdf),2026학년도 1차 불어불문학과 교육과정표 PDF 직접 읽어서 수기 추가
reqcourse_manual_fre_21,U01011000004,primary,2026,major_elective,FL2003323,프랑스사회와역사(I),3,3,1,https://french.pusan.ac.kr/french/5575/subview.do (불어불문학과 교육과정표 2025.2학기 개정.pdf),2026학년도 1차 불어불문학과 교육과정표 PDF 직접 읽어서 수기 추가
reqcourse_manual_fre_22,U01011000004,primary,2026,major_elective,FL2003324,프랑스시,3,3,1,https://french.pusan.ac.kr/french/5575/subview.do (불어불문학과 교육과정표 2025.2학기 개정.pdf),2026학년도 1차 불어불문학과 교육과정표 PDF 직접 읽어서 수기 추가
reqcourse_manual_fre_23,U01011000004,primary,2026,major_elective,FL2300330,프랑스어글쓰기(I),3,3,1,https://french.pusan.ac.kr/french/5575/subview.do (불어불문학과 교육과정표 2025.2학기 개정.pdf),2026학년도 1차 불어불문학과 교육과정표 PDF 직접 읽어서 수기 추가
reqcourse_manual_fre_24,U01011000004,primary,2026,major_elective,FL3300282,프랑스어와의미,3,3,1,https://french.pusan.ac.kr/french/5575/subview.do (불어불문학과 교육과정표 2025.2학기 개정.pdf),2026학년도 1차 불어불문학과 교육과정표 PDF 직접 읽어서 수기 추가
reqcourse_manual_fre_25,U01011000004,primary,2026,major_elective,FL2003329,프랑스연극과영화,3,3,2,https://french.pusan.ac.kr/french/5575/subview.do (불어불문학과 교육과정표 2025.2학기 개정.pdf),2026학년도 1차 불어불문학과 교육과정표 PDF 직접 읽어서 수기 추가
reqcourse_manual_fre_26,U01011000004,primary,2026,major_elective,FL2003331,프랑스사회와역사(II),3,3,2,https://french.pusan.ac.kr/french/5575/subview.do (불어불문학과 교육과정표 2025.2학기 개정.pdf),2026학년도 1차 불어불문학과 교육과정표 PDF 직접 읽어서 수기 추가
reqcourse_manual_fre_27,U01011000004,primary,2026,major_elective,FL2300331,프랑스어글쓰기(II),3,3,2,https://french.pusan.ac.kr/french/5575/subview.do (불어불문학과 교육과정표 2025.2학기 개정.pdf),2026학년도 1차 불어불문학과 교육과정표 PDF 직접 읽어서 수기 추가
reqcourse_manual_fre_28,U01011000004,primary,2026,major_elective,FL3100759,프랑스 비평과 예술,3,3,2,https://french.pusan.ac.kr/french/5575/subview.do (불어불문학과 교육과정표 2025.2학기 개정.pdf),2026학년도 1차 불어불문학과 교육과정표 PDF 직접 읽어서 수기 추가
reqcourse_manual_fre_29,U01011000004,primary,2026,major_elective,FL3500389,언어구조와번역(II),3,3,2,https://french.pusan.ac.kr/french/5575/subview.do (불어불문학과 교육과정표 2025.2학기 개정.pdf),2026학년도 1차 불어불문학과 교육과정표 PDF 직접 읽어서 수기 추가
reqcourse_manual_fre_30,U01011000004,primary,2026,major_elective,FL3500392,프랑스어와사회,3,3,2,https://french.pusan.ac.kr/french/5575/subview.do (불어불문학과 교육과정표 2025.2학기 개정.pdf),2026학년도 1차 불어불문학과 교육과정표 PDF 직접 읽어서 수기 추가 (원문에 부전공(Y) 표시)
reqcourse_manual_fre_31,U01011000004,primary,2026,major_elective,FL3400031,프랑코필·프랑코폰·프랑스어문화권,3,4,2,https://french.pusan.ac.kr/french/5575/subview.do (불어불문학과 교육과정표 2025.2학기 개정.pdf),2026학년도 1차 불어불문학과 교육과정표 PDF 직접 읽어서 수기 추가
reqcourse_manual_swf_01,U02030100029,primary,2026,major_foundation,SW16716,사회복지학개론,3,1,1,https://swf.pusan.ac.kr/bbs/swf/1808/1252081/artclView.do (2024학년도 학부 교육과정표),사회복지학과 게시판 첨부 이미지(jpeg) 2장 직접 다운로드+읽어서 수기 추가 (게시글 자체는 이미지만 있고 첨부파일 없어 자동파이프라인 0건 추출 · 기존 discovered엔 2019년 구 자료뿐이었음) (자격증 필수과목 마커 ☆)
reqcourse_manual_swf_02,U02030100029,primary,2026,major_foundation,SW16235,인간행동과사회환경,3,1,1,https://swf.pusan.ac.kr/bbs/swf/1808/1252081/artclView.do (2024학년도 학부 교육과정표),사회복지학과 게시판 첨부 이미지 직접 읽어서 수기 추가 (자격증 필수과목 마커 ☆)
reqcourse_manual_swf_03,U02030100029,primary,2026,major_foundation,SW16717,사회복지역사,3,1,2,https://swf.pusan.ac.kr/bbs/swf/1808/1252081/artclView.do (2024학년도 학부 교육과정표),사회복지학과 게시판 첨부 이미지 직접 읽어서 수기 추가 (자격증 선택과목 마커 ❖)
reqcourse_manual_swf_04,U02030100029,primary,2026,major_foundation,SW24655,사회복지조사론,3,1,2,https://swf.pusan.ac.kr/bbs/swf/1808/1252081/artclView.do (2024학년도 학부 교육과정표),사회복지학과 게시판 첨부 이미지 직접 읽어서 수기 추가 (자격증 필수과목 마커 ☆)
reqcourse_manual_swf_05,U02030100029,primary,2026,major_required,SW20079,사회복지실천론,3,2,1,https://swf.pusan.ac.kr/bbs/swf/1808/1252081/artclView.do (2024학년도 학부 교육과정표),사회복지학과 게시판 첨부 이미지 직접 읽어서 수기 추가 (부전공 필수 마커 ◎ · 자격증 필수과목 마커 ☆)
reqcourse_manual_swf_06,U02030100029,primary,2026,major_required,SW20088,지역사회복지론,3,2,2,https://swf.pusan.ac.kr/bbs/swf/1808/1252081/artclView.do (2024학년도 학부 교육과정표),사회복지학과 게시판 첨부 이미지 직접 읽어서 수기 추가 (자격증 필수과목 마커 ☆)
reqcourse_manual_swf_07,U02030100029,primary,2026,major_required,SW20083,사회복지실천기술론,3,3,1,https://swf.pusan.ac.kr/bbs/swf/1808/1252081/artclView.do (2024학년도 학부 교육과정표),사회복지학과 게시판 첨부 이미지 직접 읽어서 수기 추가 (부전공 필수 마커 ◎ · 자격증 필수과목 마커 ☆)
reqcourse_manual_swf_08,U02030100029,primary,2026,major_required,SW20090,사회복지행정론,3,3,1,https://swf.pusan.ac.kr/bbs/swf/1808/1252081/artclView.do (2024학년도 학부 교육과정표),사회복지학과 게시판 첨부 이미지 직접 읽어서 수기 추가 (부전공 필수 마커 ◎)
reqcourse_manual_swf_09,U02030100029,primary,2026,major_required,SW20087,사회복지정책론,3,3,2,https://swf.pusan.ac.kr/bbs/swf/1808/1252081/artclView.do (2024학년도 학부 교육과정표),사회복지학과 게시판 첨부 이미지 직접 읽어서 수기 추가 (부전공 필수 마커 ◎)
reqcourse_manual_swf_10,U02030100029,primary,2026,major_required,SW35522,사회복지법제와실천,3,3,2,https://swf.pusan.ac.kr/bbs/swf/1808/1252081/artclView.do (2024학년도 학부 교육과정표),사회복지학과 게시판 첨부 이미지 직접 읽어서 수기 추가 (자격증 필수과목 마커 ☆)
reqcourse_manual_swf_11,U02030100029,primary,2026,major_required,SW20074,사회복지현장실습,3,3,2,https://swf.pusan.ac.kr/bbs/swf/1808/1252081/artclView.do (2024학년도 학부 교육과정표),사회복지학과 게시판 첨부 이미지 직접 읽어서 수기 추가 (자격증 필수과목 마커 ☆)
reqcourse_manual_swf_12,U02030100029,primary,2026,major_elective,SW20096,여성복지론,3,2,1,https://swf.pusan.ac.kr/bbs/swf/1808/1252081/artclView.do (2024학년도 학부 교육과정표),사회복지학과 게시판 첨부 이미지 직접 읽어서 수기 추가
reqcourse_manual_swf_13,U02030100029,primary,2026,major_elective,SW24656,자원봉사론,3,2,1,https://swf.pusan.ac.kr/bbs/swf/1808/1252081/artclView.do (2024학년도 학부 교육과정표),사회복지학과 게시판 첨부 이미지 직접 읽어서 수기 추가
reqcourse_manual_swf_14,U02030100029,primary,2026,major_elective,SW34747,사회문제론,3,2,1,https://swf.pusan.ac.kr/bbs/swf/1808/1252081/artclView.do (2024학년도 학부 교육과정표),사회복지학과 게시판 첨부 이미지 직접 읽어서 수기 추가
reqcourse_manual_swf_15,U02030100029,primary,2026,major_elective,SW35668,의료사회복지론,3,2,1,https://swf.pusan.ac.kr/bbs/swf/1808/1252081/artclView.do (2024학년도 학부 교육과정표),사회복지학과 게시판 첨부 이미지 직접 읽어서 수기 추가
reqcourse_manual_swf_16,U02030100029,primary,2026,major_elective,SW20080,가족복지론,3,2,2,https://swf.pusan.ac.kr/bbs/swf/1808/1252081/artclView.do (2024학년도 학부 교육과정표),사회복지학과 게시판 첨부 이미지 직접 읽어서 수기 추가
reqcourse_manual_swf_17,U02030100029,primary,2026,major_elective,SW21630,아동복지론,3,2,2,https://swf.pusan.ac.kr/bbs/swf/1808/1252081/artclView.do (2024학년도 학부 교육과정표),사회복지학과 게시판 첨부 이미지 직접 읽어서 수기 추가
reqcourse_manual_swf_18,U02030100029,primary,2026,major_elective,SW21653,노인복지론,3,2,2,https://swf.pusan.ac.kr/bbs/swf/1808/1252081/artclView.do (2024학년도 학부 교육과정표),사회복지학과 게시판 첨부 이미지 직접 읽어서 수기 추가
reqcourse_manual_swf_19,U02030100029,primary,2026,major_elective,SW21672,장애인복지론,3,2,2,https://swf.pusan.ac.kr/bbs/swf/1808/1252081/artclView.do (2024학년도 학부 교육과정표),사회복지학과 게시판 첨부 이미지 직접 읽어서 수기 추가
reqcourse_manual_swf_20,U02030100029,primary,2026,major_elective,SW23487,사례관리론,3,2,2,https://swf.pusan.ac.kr/bbs/swf/1808/1252081/artclView.do (2024학년도 학부 교육과정표),사회복지학과 게시판 첨부 이미지 직접 읽어서 수기 추가
reqcourse_manual_swf_21,U02030100029,primary,2026,major_elective,SW35669,정신건강사회복지론,3,2,2,https://swf.pusan.ac.kr/bbs/swf/1808/1252081/artclView.do (2024학년도 학부 교육과정표),사회복지학과 게시판 첨부 이미지 직접 읽어서 수기 추가
reqcourse_manual_swf_22,U02030100029,primary,2026,major_elective,SW20084,청소년복지론,3,3,1,https://swf.pusan.ac.kr/bbs/swf/1808/1252081/artclView.do (2024학년도 학부 교육과정표),사회복지학과 게시판 첨부 이미지 직접 읽어서 수기 추가
reqcourse_manual_swf_23,U02030100029,primary,2026,major_elective,SW20089,프로그램개발과평가,3,3,1,https://swf.pusan.ac.kr/bbs/swf/1808/1252081/artclView.do (2024학년도 학부 교육과정표),사회복지학과 게시판 첨부 이미지 직접 읽어서 수기 추가
reqcourse_manual_swf_24,U02030100029,primary,2026,major_elective,SW20091,사회복지윤리와철학,3,3,1,https://swf.pusan.ac.kr/bbs/swf/1808/1252081/artclView.do (2024학년도 학부 교육과정표),사회복지학과 게시판 첨부 이미지 직접 읽어서 수기 추가 (자격증 필수과목 마커 ☆)
reqcourse_manual_swf_25,U02030100029,primary,2026,major_elective,SW23485,노인복지실천론,3,3,1,https://swf.pusan.ac.kr/bbs/swf/1808/1252081/artclView.do (2024학년도 학부 교육과정표),사회복지학과 게시판 첨부 이미지 직접 읽어서 수기 추가
reqcourse_manual_swf_26,U02030100029,primary,2026,major_elective,SW20092,사회복지자료분석론,3,3,2,https://swf.pusan.ac.kr/bbs/swf/1808/1252081/artclView.do (2024학년도 학부 교육과정표),사회복지학과 게시판 첨부 이미지 직접 읽어서 수기 추가
reqcourse_manual_swf_27,U02030100029,primary,2026,major_elective,SW21643,위기극복론,3,3,2,https://swf.pusan.ac.kr/bbs/swf/1808/1252081/artclView.do (2024학년도 학부 교육과정표),사회복지학과 게시판 첨부 이미지 직접 읽어서 수기 추가
reqcourse_manual_swf_28,U02030100029,primary,2026,major_elective,SW32301,사회서비스정책론,3,3,2,https://swf.pusan.ac.kr/bbs/swf/1808/1252081/artclView.do (2024학년도 학부 교육과정표),사회복지학과 게시판 첨부 이미지 직접 읽어서 수기 추가
reqcourse_manual_swf_29,U02030100029,primary,2026,major_elective,SW33359,빈곤과사회복지,3,3,2,https://swf.pusan.ac.kr/bbs/swf/1808/1252081/artclView.do (2024학년도 학부 교육과정표),사회복지학과 게시판 첨부 이미지 직접 읽어서 수기 추가
reqcourse_manual_swf_30,U02030100029,primary,2026,major_elective,SW33625,사회복지정보와전달체계,3,3,2,https://swf.pusan.ac.kr/bbs/swf/1808/1252081/artclView.do (2024학년도 학부 교육과정표),사회복지학과 게시판 첨부 이미지 직접 읽어서 수기 추가
reqcourse_manual_swf_31,U02030100029,primary,2026,major_elective,SW35670,학교사회복지론,3,3,2,https://swf.pusan.ac.kr/bbs/swf/1808/1252081/artclView.do (2024학년도 학부 교육과정표),사회복지학과 게시판 첨부 이미지 직접 읽어서 수기 추가
reqcourse_manual_swf_32,U02030100029,primary,2026,major_elective,SW21641,교정복지론,3,4,1,https://swf.pusan.ac.kr/bbs/swf/1808/1252081/artclView.do (2024학년도 학부 교육과정표),사회복지학과 게시판 첨부 이미지 직접 읽어서 수기 추가
reqcourse_manual_swf_33,U02030100029,primary,2026,major_elective,SW23486,집단지도방법론,3,4,1,https://swf.pusan.ac.kr/bbs/swf/1808/1252081/artclView.do (2024학년도 학부 교육과정표),사회복지학과 게시판 첨부 이미지 직접 읽어서 수기 추가
reqcourse_manual_swf_34,U02030100029,primary,2026,major_elective,SW23488,노인복지정책론,3,4,1,https://swf.pusan.ac.kr/bbs/swf/1808/1252081/artclView.do (2024학년도 학부 교육과정표),사회복지학과 게시판 첨부 이미지 직접 읽어서 수기 추가
reqcourse_manual_swf_35,U02030100029,primary,2026,major_elective,SW28306,국제사회복지론,3,4,1,https://swf.pusan.ac.kr/bbs/swf/1808/1252081/artclView.do (2024학년도 학부 교육과정표),사회복지학과 게시판 첨부 이미지 직접 읽어서 수기 추가
reqcourse_manual_swf_36,U02030100029,primary,2026,major_elective,SW29131,사회보장론,3,4,1,https://swf.pusan.ac.kr/bbs/swf/1808/1252081/artclView.do (2024학년도 학부 교육과정표),사회복지학과 게시판 첨부 이미지 직접 읽어서 수기 추가
reqcourse_manual_swf_37,U02030100029,primary,2026,major_elective,SW36448,심화사회복지현장실습,3,4,1,https://swf.pusan.ac.kr/bbs/swf/1808/1252081/artclView.do (2024학년도 학부 교육과정표),사회복지학과 게시판 첨부 이미지 직접 읽어서 수기 추가
reqcourse_manual_swf_38,U02030100029,primary,2026,major_elective,SW20094,산업복지론,3,4,2,https://swf.pusan.ac.kr/bbs/swf/1808/1252081/artclView.do (2024학년도 학부 교육과정표),사회복지학과 게시판 첨부 이미지 직접 읽어서 수기 추가
reqcourse_manual_swf_39,U02030100029,primary,2026,major_elective,SW36044,복지국가론,3,4,2,https://swf.pusan.ac.kr/bbs/swf/1808/1252081/artclView.do (2024학년도 학부 교육과정표),사회복지학과 게시판 첨부 이미지 직접 읽어서 수기 추가
reqcourse_manual_swf_40,U02030100029,primary,2026,major_elective,SW34870,영화와사회복지,3,4,2,https://swf.pusan.ac.kr/bbs/swf/1808/1252081/artclView.do (2024학년도 학부 교육과정표),사회복지학과 게시판 첨부 이미지 직접 읽어서 수기 추가
reqcourse_manual_swf_41,U02030100029,primary,2026,major_elective,SW34871,사회복지경제학,3,4,2,https://swf.pusan.ac.kr/bbs/swf/1808/1252081/artclView.do (2024학년도 학부 교육과정표),사회복지학과 게시판 첨부 이미지 직접 읽어서 수기 추가
reqcourse_manual_swf_42,U02030100029,primary,2026,major_elective,SW35671,사회복지와문화다양성,3,4,2,https://swf.pusan.ac.kr/bbs/swf/1808/1252081/artclView.do (2024학년도 학부 교육과정표),사회복지학과 게시판 첨부 이미지 직접 읽어서 수기 추가
