academic_program_code,ais_dept_code,program_name_src,school_name,college_name,department_name,major_name,split_rule,note,folder_path
U01020400001,313700,고고학과,부산대학교,인문대학,고고학과,,ais,표기/배치=AIS 기준(2026-07-08 팀 확정),raw_data/manual_staging/01_graduation_requirements/by_department/인문대학/U01020400001__고고학과
U01010200008,311100,국어국문학과,부산대학교,인문대학,국어국문학과,,ais,표기/배치=AIS 기준(2026-07-08 팀 확정),raw_data/manual_staging/01_graduation_requirements/by_department/인문대학/U01010200008__국어국문학과
U01010800003,312700,노어노문학과,부산대학교,인문대학,노어노문학과,,ais,표기/배치=AIS 기준(2026-07-08 팀 확정),raw_data/manual_staging/01_graduation_requirements/by_department/인문대학/U01010800003__노어노문학과
U01010700003,312500,독어독문학과,부산대학교,인문대학,독어독문학과,,ais,표기/배치=AIS 기준(2026-07-08 팀 확정),raw_data/manual_staging/01_graduation_requirements/by_department/인문대학/U01010700003__독어독문학과
U01011000004,312300,불어불문학과,부산대학교,인문대학,불어불문학과,,ais,표기/배치=AIS 기준(2026-07-08 팀 확정),raw_data/manual_staging/01_graduation_requirements/by_department/인문대학/U01011000004__불어불문학과
U01020400006,313100,사학과,부산대학교,인문대학,사학과,,ais,표기/배치=AIS 기준(2026-07-08 팀 확정),raw_data/manual_staging/01_graduation_requirements/by_department/인문대학/U01020400006__사학과
U01010100008,314000,언어정보학과,부산대학교,인문대학,언어정보학과,,ais,표기/배치=AIS 기준(2026-07-08 팀 확정),raw_data/manual_staging/01_graduation_requirements/by_department/인문대학/U01010100008__언어정보학과
U01010600018,312100,영어영문학과,부산대학교,인문대학,영어영문학과,,ais,표기/배치=AIS 기준(2026-07-08 팀 확정),raw_data/manual_staging/01_graduation_requirements/by_department/인문대학/U01010600018__영어영문학과
U01010300010,311500,일어일문학과,부산대학교,인문대학,일어일문학과,,ais,표기/배치=AIS 기준(2026-07-08 팀 확정),raw_data/manual_staging/01_graduation_requirements/by_department/인문대학/U01010300010__일어일문학과
U01010400016,311300,중어중문학과,부산대학교,인문대학,중어중문학과,,ais,표기/배치=AIS 기준(2026-07-08 팀 확정),raw_data/manual_staging/01_graduation_requirements/by_department/인문대학/U01010400016__중어중문학과
U01020700029,313300,철학과,부산대학교,인문대학,철학과,,ais,표기/배치=AIS 기준(2026-07-08 팀 확정),raw_data/manual_staging/01_graduation_requirements/by_department/인문대학/U01020700029__철학과
U01010400019,313500,한문학과,부산대학교,인문대학,한문학과,,ais,표기/배치=AIS 기준(2026-07-08 팀 확정),raw_data/manual_staging/01_graduation_requirements/by_department/인문대학/U01010400019__한문학과
U01020100006,323100,문헌정보학과,부산대학교,사회과학대학,문헌정보학과,,ais,표기/배치=AIS 기준(2026-07-08 팀 확정),raw_data/manual_staging/01_graduation_requirements/by_department/사회과학대학/U01020100006__문헌정보학과
U02030500137,323500,미디어커뮤니케이션학과,부산대학교,사회과학대학,미디어커뮤니케이션학과,,ais,표기/배치=AIS 기준(2026-07-08 팀 확정),raw_data/manual_staging/01_graduation_requirements/by_department/사회과학대학/U02030500137__미디어커뮤니케이션학과
U02030100029,322100,사회복지학과,부산대학교,사회과학대학,사회복지학과,,ais,표기/배치=AIS 기준(2026-07-08 팀 확정),raw_data/manual_staging/01_graduation_requirements/by_department/사회과학대학/U02030100029__사회복지학과
U02030400005,322300,사회학과,부산대학교,사회과학대학,사회학과,,ais,표기/배치=AIS 기준(2026-07-08 팀 확정),raw_data/manual_staging/01_graduation_requirements/by_department/사회과학대학/U02030400005__사회학과
U01020300006,322500,심리학과,부산대학교,사회과학대학,심리학과,,ais,표기/배치=AIS 기준(2026-07-08 팀 확정),raw_data/manual_staging/01_graduation_requirements/by_department/사회과학대학/U01020300006__심리학과
U02030600012,321500,정치외교학과,부산대학교,사회과학대학,정치외교학과,,ais,표기/배치=AIS 기준(2026-07-08 팀 확정),raw_data/manual_staging/01_graduation_requirements/by_department/사회과학대학/U02030600012__정치외교학과
U02030700081,321100,행정학과,부산대학교,사회과학대학,행정학과,,ais,표기/배치=AIS 기준(2026-07-08 팀 확정),raw_data/manual_staging/01_graduation_requirements/by_department/사회과학대학/U02030700081__행정학과
U05040400003,335500,대기환경과학과,부산대학교,자연과학대학,대기환경과학과,,ais,표기/배치=AIS 기준(2026-07-08 팀 확정),raw_data/manual_staging/01_graduation_requirements/by_department/자연과학대학/U05040400003__대기환경과학과
U05040300016,331300,물리학과,부산대학교,자연과학대학,물리학과,,ais,표기/배치=AIS 기준(2026-07-08 팀 확정),raw_data/manual_staging/01_graduation_requirements/by_department/자연과학대학/U05040300016__물리학과
U05020200005,334300,미생물학과,부산대학교,자연과학대학,미생물학과,,ais,표기/배치=AIS 기준(2026-07-08 팀 확정),raw_data/manual_staging/01_graduation_requirements/by_department/자연과학대학/U05020200005__미생물학과
U05020200010,334500,분자생물학과,부산대학교,자연과학대학,분자생물학과,,ais,표기/배치=AIS 기준(2026-07-08 팀 확정),raw_data/manual_staging/01_graduation_requirements/by_department/자연과학대학/U05020200010__분자생물학과
U05020100014,334700,생명과학과,부산대학교,자연과학대학,생명과학과,,ais,표기/배치=AIS 기준(2026-07-08 팀 확정),raw_data/manual_staging/01_graduation_requirements/by_department/자연과학대학/U05020100014__생명과학과
U05040100016,331100,수학과,부산대학교,자연과학대학,수학과,,ais,표기/배치=AIS 기준(2026-07-08 팀 확정),raw_data/manual_staging/01_graduation_requirements/by_department/자연과학대학/U05040100016__수학과
U05040100097,331910,지능형헬스사이언스융합전공,부산대학교,자연과학대학,지능형헬스사이언스융합전공,,ais,표기/배치=AIS 기준(2026-07-08 팀 확정),raw_data/manual_staging/01_graduation_requirements/by_department/단과대구분없음/U05040100097__지능형헬스사이언스융합전공
U05040500023,335400,지질환경과학과,부산대학교,자연과학대학,지질환경과학과,,ais,표기/배치=AIS 기준(2026-07-08 팀 확정),raw_data/manual_staging/01_graduation_requirements/by_department/자연과학대학/U05040500023__지질환경과학과
U05040200022,331700,통계학과,부산대학교,자연과학대학,통계학과,,ais,표기/배치=AIS 기준(2026-07-08 팀 확정),raw_data/manual_staging/01_graduation_requirements/by_department/자연과학대학/U05040200022__통계학과
U04030300062,335700,해양학과,부산대학교,자연과학대학,해양학과,,ais,표기/배치=AIS 기준(2026-07-08 팀 확정),raw_data/manual_staging/01_graduation_requirements/by_department/자연과학대학/U04030300062__해양학과
U05020500010,332100,화학과,부산대학교,자연과학대학,화학과,,ais,표기/배치=AIS 기준(2026-07-08 팀 확정),raw_data/manual_staging/01_graduation_requirements/by_department/자연과학대학/U05020500010__화학과
U04010100003,343310,건축공학과,부산대학교,공과대학,건축공학과,,ais,표기/배치=AIS 기준(2026-07-08 팀 확정),raw_data/manual_staging/01_graduation_requirements/by_department/공과대학/U04010100003__건축공학과
U04010200084,345110,건축학과(5년제),부산대학교,공과대학,건축학과,,ais,표기/배치=AIS 기준(2026-07-08 팀 확정),raw_data/manual_staging/01_graduation_requirements/by_department/공과대학/U04010200084__건축학과(5년제)
U04100100001,344700,고분자공학과,부산대학교,공과대학,고분자공학과,,ais,표기/배치=AIS 기준(2026-07-08 팀 확정),raw_data/manual_staging/01_graduation_requirements/by_department/공과대학/U04100100001__고분자공학과
U04040100012,341000,기계공학부,부산대학교,공과대학,기계공학부,,ais,표기/배치=AIS 기준(2026-07-08 팀 확정),raw_data/manual_staging/01_graduation_requirements/by_department/공과대학/U04040100012__기계공학부
U04020200003,345510,도시공학과,부산대학교,공과대학,도시공학과,,ais,표기/배치=AIS 기준(2026-07-08 팀 확정),raw_data/manual_staging/01_graduation_requirements/by_department/공과대학/U04020200003__도시공학과
T00000012625,347820,미래도시건축환경융합전공,부산대학교,공과대학,미래도시건축환경융합전공,,ais,표기/배치=AIS 기준(2026-07-08 팀 확정),raw_data/manual_staging/01_graduation_requirements/by_department/공과대학/T00000012625__미래도시건축환경융합전공
U04050100058,346900,발전공학과,부산대학교,공과대학,발전공학과,,ais,표기/배치=AIS 기준(2026-07-08 팀 확정),raw_data/manual_staging/01_graduation_requirements/by_department/공과대학/U04050100058__발전공학과
U04090100007,345900,사회기반시스템공학과,부산대학교,공과대학,사회기반시스템공학과,,ais,표기/배치=AIS 기준(2026-07-08 팀 확정),raw_data/manual_staging/01_graduation_requirements/by_department/공과대학/U04090100007__사회기반시스템공학과
U04090100017,345300,산업공학과,부산대학교,공과대학,산업공학과,,ais,표기/배치=AIS 기준(2026-07-08 팀 확정),raw_data/manual_staging/01_graduation_requirements/by_department/공과대학/U04090100017__산업공학과
T00000012631,347250,스마트가전공학과,부산대학교,공과대학,스마트가전공학과,,ais,표기/배치=AIS 기준(2026-07-08 팀 확정),raw_data/manual_staging/01_graduation_requirements/by_department/공과대학/T00000012631__스마트가전공학과
U04020200075,347850,스마트시티전공,부산대학교,공과대학,스마트시티전공,,ais,표기/배치=AIS 기준(2026-07-08 팀 확정),raw_data/manual_staging/01_graduation_requirements/by_department/공과대학/U04020200075__스마트시티전공
U04070300092,345600,유기소재시스템공학과,부산대학교,공과대학,유기소재시스템공학과,,ais,표기/배치=AIS 기준(2026-07-08 팀 확정),raw_data/manual_staging/01_graduation_requirements/by_department/공과대학/U04070300092__유기소재시스템공학과
U04070400012,344000,재료공학부,부산대학교,공과대학,재료공학부,,ais,표기/배치=AIS 기준(2026-07-08 팀 확정),raw_data/manual_staging/01_graduation_requirements/by_department/공과대학/U04070400012__재료공학부
U04070100084,344203,전기전자공학부 반도체공학전공,부산대학교,공과대학,전기전자공학부,반도체공학전공,ais,표기/배치=AIS 기준(2026-07-08 팀 확정),raw_data/manual_staging/01_graduation_requirements/by_department/공과대학/U04070100084__전기전자공학부 반도체공학전공
U04050100081,344202,전기전자공학부 전기공학전공,부산대학교,공과대학,전기전자공학부,전기공학전공,ais,표기/배치=AIS 기준(2026-07-08 팀 확정),raw_data/manual_staging/01_graduation_requirements/by_department/공과대학/U04050100081__전기전자공학부 전기공학전공
U04050200220,344201,전기전자공학부 전자공학전공,부산대학교,공과대학,전기전자공학부,전자공학전공,ais,표기/배치=AIS 기준(2026-07-08 팀 확정),raw_data/manual_staging/01_graduation_requirements/by_department/공과대학/U04050200220__전기전자공학부 전자공학전공
U04030300075;U04030300133,342100,조선·해양공학과,부산대학교,공과대학,조선·해양공학과,,ais,표기/배치=AIS 기준(2026-07-08 팀 확정); survey 표기변형 병합,raw_data/manual_staging/01_graduation_requirements/by_department/공과대학/U04030300075__조선·해양공학과;raw_data/manual_staging/01_graduation_requirements/by_department/공과대학/U04030300133__조선・해양공학과
T00000012655,347810,첨단IT자율전공,부산대학교,공과대학,첨단IT자율전공,,ais,표기/배치=AIS 기준(2026-07-08 팀 확정),raw_data/manual_staging/01_graduation_requirements/by_department/공과대학/T00000012655__첨단IT자율전공
T00000012656,347840,첨단모빌리티자율전공,부산대학교,공과대학,첨단모빌리티자율전공,,ais,표기/배치=AIS 기준(2026-07-08 팀 확정),raw_data/manual_staging/01_graduation_requirements/by_department/공과대학/T00000012656__첨단모빌리티자율전공
T00000012657,347830,첨단소재자율전공,부산대학교,공과대학,첨단소재자율전공,,ais,표기/배치=AIS 기준(2026-07-08 팀 확정),raw_data/manual_staging/01_graduation_requirements/by_department/공과대학/T00000012657__첨단소재자율전공
U04030200017,342500,항공우주공학과,부산대학교,공과대학,항공우주공학과,,ais,표기/배치=AIS 기준(2026-07-08 팀 확정),raw_data/manual_staging/01_graduation_requirements/by_department/공과대학/U04030200017__항공우주공학과
U04100100133,346720,화공생명.환경공학부,부산대학교,공과대학,화공생명.환경공학부,,ais,표기/배치=AIS 기준(2026-07-08 팀 확정),raw_data/manual_staging/01_graduation_requirements/by_department/공과대학/U04100100133__화공생명.환경공학부
U04100100035,347600,화공생명공학과,부산대학교,공과대학,화공생명공학과,,ais,표기/배치=AIS 기준(2026-07-08 팀 확정),raw_data/manual_staging/01_graduation_requirements/by_department/공과대학/U04100100035__화공생명공학과
U05020600045,347700,환경공학과,부산대학교,공과대학,환경공학과,,ais,표기/배치=AIS 기준(2026-07-08 팀 확정),raw_data/manual_staging/01_graduation_requirements/by_department/공과대학/U05020600045__환경공학과
U03010100010,362100,교육학과,부산대학교,사범대학,교육학과,,ais,표기/배치=AIS 기준(2026-07-08 팀 확정),raw_data/manual_staging/01_graduation_requirements/by_department/사범대학/U03010100010__교육학과
U03050100002,361100,국어교육과,부산대학교,사범대학,국어교육과,,ais,표기/배치=AIS 기준(2026-07-08 팀 확정),raw_data/manual_staging/01_graduation_requirements/by_department/사범대학/U03050100002__국어교육과
U03050100004,361500,독어교육과,부산대학교,사범대학,독어교육과,,ais,표기/배치=AIS 기준(2026-07-08 팀 확정),raw_data/manual_staging/01_graduation_requirements/by_department/사범대학/U03050100004__독어교육과
U03050500010,364300,물리교육과,부산대학교,사범대학,물리교육과,,ais,표기/배치=AIS 기준(2026-07-08 팀 확정),raw_data/manual_staging/01_graduation_requirements/by_department/사범대학/U03050500010__물리교육과
U03050100007,361700,불어교육과,부산대학교,사범대학,불어교육과,,ais,표기/배치=AIS 기준(2026-07-08 팀 확정),raw_data/manual_staging/01_graduation_requirements/by_department/사범대학/U03050100007__불어교육과
U03050500013,364700,생물교육과,부산대학교,사범대학,생물교육과,,ais,표기/배치=AIS 기준(2026-07-08 팀 확정),raw_data/manual_staging/01_graduation_requirements/by_department/사범대학/U03050500013__생물교육과
U03050500018,364100,수학교육과,부산대학교,사범대학,수학교육과,,ais,표기/배치=AIS 기준(2026-07-08 팀 확정),raw_data/manual_staging/01_graduation_requirements/by_department/사범대학/U03050500018__수학교육과
U03050300007,363300,역사교육과,부산대학교,사범대학,역사교육과,,ais,표기/배치=AIS 기준(2026-07-08 팀 확정),raw_data/manual_staging/01_graduation_requirements/by_department/사범대학/U03050300007__역사교육과
U03050100010,361300,영어교육과,부산대학교,사범대학,영어교육과,,ais,표기/배치=AIS 기준(2026-07-08 팀 확정),raw_data/manual_staging/01_graduation_requirements/by_department/사범대학/U03050100010__영어교육과
U03020100007,362300,유아교육과,부산대학교,사범대학,유아교육과,,ais,표기/배치=AIS 기준(2026-07-08 팀 확정),raw_data/manual_staging/01_graduation_requirements/by_department/사범대학/U03020100007__유아교육과
U03050200011,363800,윤리교육과,부산대학교,사범대학,윤리교육과,,ais,표기/배치=AIS 기준(2026-07-08 팀 확정),raw_data/manual_staging/01_graduation_requirements/by_department/사범대학/U03050200011__윤리교육과
U03050300012,363100,일반사회교육과,부산대학교,사범대학,일반사회교육과,,ais,표기/배치=AIS 기준(2026-07-08 팀 확정),raw_data/manual_staging/01_graduation_requirements/by_department/사범대학/U03050300012__일반사회교육과
U03050500021,364900,지구과학교육과,부산대학교,사범대학,지구과학교육과,,ais,표기/배치=AIS 기준(2026-07-08 팀 확정),raw_data/manual_staging/01_graduation_requirements/by_department/사범대학/U03050500021__지구과학교육과
U03050300014,363500,지리교육과,부산대학교,사범대학,지리교육과,,ais,표기/배치=AIS 기준(2026-07-08 팀 확정),raw_data/manual_staging/01_graduation_requirements/by_department/사범대학/U03050300014__지리교육과
U03050600009,365100,체육교육과,부산대학교,사범대학,체육교육과,,ais,표기/배치=AIS 기준(2026-07-08 팀 확정),raw_data/manual_staging/01_graduation_requirements/by_department/사범대학/U03050600009__체육교육과
U03030100013,362500,특수교육과,부산대학교,사범대학,특수교육과,,ais,표기/배치=AIS 기준(2026-07-08 팀 확정),raw_data/manual_staging/01_graduation_requirements/by_department/사범대학/U03030100013__특수교육과
U03050500023,364500,화학교육과,부산대학교,사범대학,화학교육과,,ais,표기/배치=AIS 기준(2026-07-08 팀 확정),raw_data/manual_staging/01_graduation_requirements/by_department/사범대학/U03050500023__화학교육과
U06030100037,385000,약학부(통합6년제),부산대학교,약학대학,약학부,,ais,표기/배치=AIS 기준(2026-07-08 팀 확정),raw_data/manual_staging/01_graduation_requirements/by_department/약학대학/U06030100037__약학부(통합6년제)
U06030100036,385001,약학전공(통합6년제),부산대학교,약학대학,약학부,약학전공,ais,표기/배치=AIS 기준(2026-07-08 팀 확정),raw_data/manual_staging/01_graduation_requirements/by_department/약학대학/U06030100036__약학전공(통합6년제)
U06030100035,385002,제약학전공(통합6년제),부산대학교,약학대학,약학부,제약학전공,ais,표기/배치=AIS 기준(2026-07-08 팀 확정),raw_data/manual_staging/01_graduation_requirements/by_department/약학대학/U06030100035__제약학전공(통합6년제)
U06010100002,393100,의예과,부산대학교,의과대학,의예과,,ais,표기/배치=AIS 기준(2026-07-08 팀 확정),raw_data/manual_staging/01_graduation_requirements/by_department/의과대학/U06010100002__의예과
U06010100003,391100,의학과,부산대학교,의과대학,의학과,,ais,표기/배치=AIS 기준(2026-07-08 팀 확정),raw_data/manual_staging/01_graduation_requirements/by_department/의과대학/U06010100003__의학과
U06010200004,401300,치의예과,부산대학교,치과대학,치의예과,,ais,표기/배치=AIS 기준(2026-07-08 팀 확정),raw_data/manual_staging/01_graduation_requirements/by_department/치과대학/U06010200004__치의예과
U07010100008,425200,디자인학과,부산대학교,예술대학,디자인학과,,ais,표기/배치=AIS 기준(2026-07-08 팀 확정),raw_data/manual_staging/01_graduation_requirements/by_department/예술대학/U07010100008__디자인학과
U07010300079,425201,디자인학과(시각디자인전공),부산대학교,예술대학,디자인학과,시각디자인전공,ais,표기/배치=AIS 기준(2026-07-08 팀 확정),raw_data/manual_staging/01_graduation_requirements/by_department/예술대학/U07010300079__디자인학과(시각디자인전공)
U07020200144,425204,디자인학과(애니메이션전공),부산대학교,예술대학,디자인학과,애니메이션전공,ais,표기/배치=AIS 기준(2026-07-08 팀 확정),raw_data/manual_staging/01_graduation_requirements/by_department/예술대학/U07020200144__디자인학과(애니메이션전공)
U07030100005,424100,무용학과,부산대학교,예술대학,무용학과,,ais,표기/배치=AIS 기준(2026-07-08 팀 확정),raw_data/manual_staging/01_graduation_requirements/by_department/예술대학/U07030100005__무용학과
U07030100052,424102,무용학과 발레전공,부산대학교,예술대학,무용학과,발레전공,ais,표기/배치=AIS 기준(2026-07-08 팀 확정),raw_data/manual_staging/01_graduation_requirements/by_department/예술대학/U07030100052__무용학과 발레전공
U07030100053,424101,무용학과 한국무용전공,부산대학교,예술대학,무용학과,한국무용전공,ais,표기/배치=AIS 기준(2026-07-08 팀 확정),raw_data/manual_staging/01_graduation_requirements/by_department/예술대학/U07030100053__무용학과 한국무용전공
U07030100054,424103,무용학과 현대무용전공,부산대학교,예술대학,무용학과,현대무용전공,ais,표기/배치=AIS 기준(2026-07-08 팀 확정),raw_data/manual_staging/01_graduation_requirements/by_department/예술대학/U07030100054__무용학과 현대무용전공
U07040100009,422100,미술학과,부산대학교,예술대학,미술학과,,ais,표기/배치=AIS 기준(2026-07-08 팀 확정),raw_data/manual_staging/01_graduation_requirements/by_department/예술대학/U07040100009__미술학과
U07040100015,422104,서양화전공,부산대학교,예술대학,미술학과,서양화전공,ais,표기/배치=AIS 기준(2026-07-08 팀 확정),raw_data/manual_staging/01_graduation_requirements/by_department/예술대학/U07040100015__서양화전공
U07040300006,422101,조소전공,부산대학교,예술대학,미술학과,조소전공,ais,표기/배치=AIS 기준(2026-07-08 팀 확정),raw_data/manual_staging/01_graduation_requirements/by_department/예술대학/U07040300006__조소전공
U07040100029,422102,한국화전공,부산대학교,예술대학,미술학과,한국화전공,ais,표기/배치=AIS 기준(2026-07-08 팀 확정),raw_data/manual_staging/01_graduation_requirements/by_department/예술대학/U07040100029__한국화전공
U07020300113,426100,예술문화영상학과,부산대학교,예술대학,예술문화영상학과,,ais,표기/배치=AIS 기준(2026-07-08 팀 확정),raw_data/manual_staging/01_graduation_requirements/by_department/예술대학/U07020300113__예술문화영상학과
U07060100003,421100,음악학과,부산대학교,예술대학,음악학과,,ais,표기/배치=AIS 기준(2026-07-08 팀 확정),raw_data/manual_staging/01_graduation_requirements/by_department/예술대학/U07060100003__음악학과
U07060100025,421106,음악학과 관현악전공,부산대학교,예술대학,음악학과,관현악전공,ais,표기/배치=AIS 기준(2026-07-08 팀 확정),raw_data/manual_staging/01_graduation_requirements/by_department/예술대학/U07060100025__음악학과 관현악전공
U07060100022,421101,음악학과 성악전공,부산대학교,예술대학,음악학과,성악전공,ais,표기/배치=AIS 기준(2026-07-08 팀 확정),raw_data/manual_staging/01_graduation_requirements/by_department/예술대학/U07060100022__음악학과 성악전공
U07060100024,421103,음악학과 작곡전공,부산대학교,예술대학,음악학과,작곡전공,ais,표기/배치=AIS 기준(2026-07-08 팀 확정),raw_data/manual_staging/01_graduation_requirements/by_department/예술대학/U07060100024__음악학과 작곡전공
U07060100023,421102,음악학과 피아노전공,부산대학교,예술대학,음악학과,피아노전공,ais,표기/배치=AIS 기준(2026-07-08 팀 확정),raw_data/manual_staging/01_graduation_requirements/by_department/예술대학/U07060100023__음악학과 피아노전공
U07040300046,422300,조형학과,부산대학교,예술대학,조형학과,,ais,표기/배치=AIS 기준(2026-07-08 팀 확정),raw_data/manual_staging/01_graduation_requirements/by_department/예술대학/U07040300046__조형학과
U07040300064,422304,조형학과 가구목조형전공,부산대학교,예술대학,조형학과,가구목조형전공,ais,표기/배치=AIS 기준(2026-07-08 팀 확정),raw_data/manual_staging/01_graduation_requirements/by_department/예술대학/U07040300064__조형학과 가구목조형전공
U07040300065,422301,조형학과 도예전공,부산대학교,예술대학,조형학과,도예전공,ais,표기/배치=AIS 기준(2026-07-08 팀 확정),raw_data/manual_staging/01_graduation_requirements/by_department/예술대학/U07040300065__조형학과 도예전공
U07040300066,422303,조형학과 섬유금속전공,부산대학교,예술대학,조형학과,섬유금속전공,ais,표기/배치=AIS 기준(2026-07-08 팀 확정),raw_data/manual_staging/01_graduation_requirements/by_department/예술대학/U07040300066__조형학과 섬유금속전공
U07060200006,423200,한국음악학과,부산대학교,예술대학,한국음악학과,,ais,표기/배치=AIS 기준(2026-07-08 팀 확정),raw_data/manual_staging/01_graduation_requirements/by_department/예술대학/U07060200006__한국음악학과
U07060200034,423202,한국음악학과 관악・타악전공,부산대학교,예술대학,한국음악학과,관악.타악전공,ais,표기/배치=AIS 기준(2026-07-08 팀 확정),raw_data/manual_staging/01_graduation_requirements/by_department/예술대학/U07060200034__한국음악학과 관악・타악전공
U07060200032,423203,한국음악학과 이론・작곡전공,부산대학교,예술대학,한국음악학과,이론.작곡전공,ais,표기/배치=AIS 기준(2026-07-08 팀 확정),raw_data/manual_staging/01_graduation_requirements/by_department/예술대학/U07060200032__한국음악학과 이론・작곡전공
U07060200033,423201,한국음악학과 현악・성악전공,부산대학교,예술대학,한국음악학과,현악.성악전공,ais,표기/배치=AIS 기준(2026-07-08 팀 확정),raw_data/manual_staging/01_graduation_requirements/by_department/예술대학/U07060200033__한국음악학과 현악・성악전공
U01020800341,442200,글로벌자유전공학부,부산대학교,학부대학,글로벌자유전공학부,,ais,표기/배치=AIS 기준(2026-07-08 팀 확정),raw_data/manual_staging/01_graduation_requirements/by_department/학부대학/U01020800341__글로벌자유전공학부
T00000012643,442400,응용생명융합학부,부산대학교,학부대학,응용생명융합학부,,ais,표기/배치=AIS 기준(2026-07-08 팀 확정),raw_data/manual_staging/01_graduation_requirements/by_department/학부대학/T00000012643__응용생명융합학부
T00000012644,442401,응용생명융합학부(그린바이오과학전공),부산대학교,학부대학,응용생명융합학부,그린바이오과학전공,ais,표기/배치=AIS 기준(2026-07-08 팀 확정),raw_data/manual_staging/01_graduation_requirements/by_department/학부대학/T00000012644__응용생명융합학부(그린바이오과학전공)
T00000012645,442402,응용생명융합학부(생명자원시스템공학전공),부산대학교,학부대학,응용생명융합학부,생명자원시스템공학전공,ais,표기/배치=AIS 기준(2026-07-08 팀 확정),raw_data/manual_staging/01_graduation_requirements/by_department/학부대학/T00000012645__응용생명융합학부(생명자원시스템공학전공)
U99999900005,442300,자유전공학부,부산대학교,학부대학,자유전공학부,,ais,표기/배치=AIS 기준(2026-07-08 팀 확정),raw_data/manual_staging/01_graduation_requirements/by_department/학부대학/U99999900005__자유전공학부
U04110300158,442100,첨단융합학부,부산대학교,학부대학,첨단융합학부,,ais,표기/배치=AIS 기준(2026-07-08 팀 확정),raw_data/manual_staging/01_graduation_requirements/by_department/학부대학/U04110300158__첨단융합학부
T00000012658,442106,첨단융합학부 AI융합계산과학전공,부산대학교,학부대학,첨단융합학부,AI융합계산과학전공,ais,표기/배치=AIS 기준(2026-07-08 팀 확정),raw_data/manual_staging/01_graduation_requirements/by_department/학부대학/T00000012658__첨단융합학부 AI융합계산과학전공
U04060200130,442107,EES융합전공,부산대학교,학부대학,첨단융합학부,EES융합전공,ais,표기/배치=AIS 기준(2026-07-08 팀 확정),raw_data/manual_staging/01_graduation_requirements/by_department/단과대구분없음/U04060200130__EES융합전공
T00000012659,442105,첨단융합학부 광메카트로닉스공학전공,부산대학교,학부대학,첨단융합학부,광메카트로닉스공학전공,ais,표기/배치=AIS 기준(2026-07-08 팀 확정),raw_data/manual_staging/01_graduation_requirements/by_department/학부대학/T00000012659__첨단융합학부 광메카트로닉스공학전공
T00000012660,442104,첨단융합학부 나노소자첨단제조전공,부산대학교,학부대학,첨단융합학부,나노소자첨단제조전공,ais,표기/배치=AIS 기준(2026-07-08 팀 확정),raw_data/manual_staging/01_graduation_requirements/by_department/학부대학/T00000012660__첨단융합학부 나노소자첨단제조전공
T00000012661,442103,첨단융합학부 미래에너지전공,부산대학교,학부대학,첨단융합학부,미래에너지전공,ais,표기/배치=AIS 기준(2026-07-08 팀 확정),raw_data/manual_staging/01_graduation_requirements/by_department/학부대학/T00000012661__첨단융합학부 미래에너지전공
U04080300412,473500,IT응용공학과,부산대학교,생명자원과학대학,IT응용공학과,,ais,표기/배치=AIS 기준(2026-07-08 팀 확정),raw_data/manual_staging/01_graduation_requirements/by_department/생명자원과학대학/U04080300412__IT응용공학과
U04040100127,473100,바이오산업기계공학과,부산대학교,생명자원과학대학,바이오산업기계공학과,,ais,표기/배치=AIS 기준(2026-07-08 팀 확정),raw_data/manual_staging/01_graduation_requirements/by_department/생명자원과학대학/U04040100127__바이오산업기계공학과
U05020200118,472300,바이오소재과학과,부산대학교,생명자원과학대학,바이오소재과학과,,ais,표기/배치=AIS 기준(2026-07-08 팀 확정),raw_data/manual_staging/01_graduation_requirements/by_department/생명자원과학대학/U05020200118__바이오소재과학과
U04060200056,473400,바이오환경에너지학과,부산대학교,생명자원과학대학,바이오환경에너지학과,,ais,표기/배치=AIS 기준(2026-07-08 팀 확정),raw_data/manual_staging/01_graduation_requirements/by_department/생명자원과학대학/U04060200056__바이오환경에너지학과
U05020500048,472200,생명환경화학과,부산대학교,생명자원과학대학,생명환경화학과,,ais,표기/배치=AIS 기준(2026-07-08 팀 확정),raw_data/manual_staging/01_graduation_requirements/by_department/생명자원과학대학/U05020500048__생명환경화학과
U05030200017,472100,식품공학과,부산대학교,생명자원과학대학,식품공학과,,ais,표기/배치=AIS 기준(2026-07-08 팀 확정),raw_data/manual_staging/01_graduation_requirements/by_department/생명자원과학대학/U05030200017__식품공학과
U05020400078,474800,식품자원경제학과,부산대학교,생명자원과학대학,식품자원경제학과,,ais,표기/배치=AIS 기준(2026-07-08 팀 확정),raw_data/manual_staging/01_graduation_requirements/by_department/생명자원과학대학/U05020400078__식품자원경제학과
U05010300083,471200,원예생명과학과,부산대학교,생명자원과학대학,원예생명과학과,,ais,표기/배치=AIS 기준(2026-07-08 팀 확정),raw_data/manual_staging/01_graduation_requirements/by_department/생명자원과학대학/U05010300083__원예생명과학과
U04010300006,474100,조경학과,부산대학교,생명자원과학대학,조경학과,,ais,표기/배치=AIS 기준(2026-07-08 팀 확정),raw_data/manual_staging/01_graduation_requirements/by_department/생명자원과학대학/U04010300006__조경학과
U06020100004,481100,간호학과,부산대학교,간호대학,간호학과,,ais,표기/배치=AIS 기준(2026-07-08 팀 확정),raw_data/manual_staging/01_graduation_requirements/by_department/간호대학/U06020100004__간호학과
U02010100035,491100,경영학과,부산대학교,경영대학,경영학과,,ais,표기/배치=AIS 기준(2026-07-08 팀 확정),raw_data/manual_staging/01_graduation_requirements/by_department/경영대학/U02010100035__경영학과
U02010500227,491200,핀테크융합전공,부산대학교,경영대학,핀테크융합전공,,ais,표기/배치=AIS 기준(2026-07-08 팀 확정),raw_data/manual_staging/01_graduation_requirements/by_department/단과대구분없음/U02010500227__핀테크융합전공
U07030200060,4A9100,스포츠과학과,부산대학교,생활과학대학,스포츠과학과,,ais,표기/배치=AIS 기준(2026-07-08 팀 확정),raw_data/manual_staging/01_graduation_requirements/by_department/생활과학대학/U07030200060__스포츠과학과
U05030200045,4A2100,식품영양학과,부산대학교,생활과학대학,식품영양학과,,ais,표기/배치=AIS 기준(2026-07-08 팀 확정),raw_data/manual_staging/01_graduation_requirements/by_department/생활과학대학/U05030200045__식품영양학과
U07010500198,4A6200,실내환경디자인학과,부산대학교,생활과학대학,실내환경디자인학과,,ais,표기/배치=AIS 기준(2026-07-08 팀 확정),raw_data/manual_staging/01_graduation_requirements/by_department/생활과학대학/U07010500198__실내환경디자인학과
U05030100034,4A5100,아동가족학과,부산대학교,생활과학대학,아동가족학과,,ais,표기/배치=AIS 기준(2026-07-08 팀 확정),raw_data/manual_staging/01_graduation_requirements/by_department/생활과학대학/U05030100034__아동가족학과
U05030300008,4A3100,의류학과,부산대학교,생활과학대학,의류학과,,ais,표기/배치=AIS 기준(2026-07-08 팀 확정),raw_data/manual_staging/01_graduation_requirements/by_department/생활과학대학/U05030300008__의류학과
U02010200015,502000,경제학부,부산대학교,경제통상대학,경제학부,,ais,표기/배치=AIS 기준(2026-07-08 팀 확정),raw_data/manual_staging/01_graduation_requirements/by_department/경제통상대학/U02010200015__경제학부
U02030700014,505000,공공정책학부,부산대학교,경제통상대학,공공정책학부,,ais,표기/배치=AIS 기준(2026-07-08 팀 확정),raw_data/manual_staging/01_graduation_requirements/by_department/경제통상대학/U02030700014__공공정책학부
U02010300070,503100,관광컨벤션학과,부산대학교,경제통상대학,관광컨벤션학과,,ais,표기/배치=AIS 기준(2026-07-08 팀 확정),raw_data/manual_staging/01_graduation_requirements/by_department/경제통상대학/U02010300070__관광컨벤션학과
U02030200021,504000,국제학부,부산대학교,경제통상대학,국제학부,,ais,표기/배치=AIS 기준(2026-07-08 팀 확정),raw_data/manual_staging/01_graduation_requirements/by_department/경제통상대학/U02030200021__국제학부
U02030200082,504002,한국·동아시아학전공,부산대학교,경제통상대학,국제학부,한국.동아시아학전공,ais,표기/배치=AIS 기준(2026-07-08 팀 확정),raw_data/manual_staging/01_graduation_requirements/by_department/경제통상대학/U02030200082__한국·동아시아학전공
U02010600032,501000,무역학부,부산대학교,경제통상대학,무역학부,,ais,표기/배치=AIS 기준(2026-07-08 팀 확정),raw_data/manual_staging/01_graduation_requirements/by_department/경제통상대학/U02010600032__무역학부
U06040300066,591000,의생명융합공학부,부산대학교,정보의생명공학대학,의생명융합공학부,,ais,표기/배치=AIS 기준(2026-07-08 팀 확정),raw_data/manual_staging/01_graduation_requirements/by_department/정보의생명공학대학/U06040300066__의생명융합공학부
U04080100312,591003,데이터사이언스전공,부산대학교,정보의생명공학대학,의생명융합공학부,데이터사이언스전공,ais,표기/배치=AIS 기준(2026-07-08 팀 확정),raw_data/manual_staging/01_graduation_requirements/by_department/정보의생명공학대학/U04080100312__데이터사이언스전공
U05020100283,591001,의생명공학전공,부산대학교,정보의생명공학대학,의생명융합공학부,의생명공학전공,ais,표기/배치=AIS 기준(2026-07-08 팀 확정),raw_data/manual_staging/01_graduation_requirements/by_department/정보의생명공학대학/U05020100283__의생명공학전공
U04080300126,594000,정보컴퓨터공학부,부산대학교,정보의생명공학대학,정보컴퓨터공학부,,ais,표기/배치=AIS 기준(2026-07-08 팀 확정),raw_data/manual_staging/01_graduation_requirements/by_department/정보의생명공학대학/U04080300126__정보컴퓨터공학부
T00000012652,594003,정보컴퓨터공학부(디자인테크놀로지전공),부산대학교,정보의생명공학대학,정보컴퓨터공학부,디자인테크놀로지전공,ais,표기/배치=AIS 기준(2026-07-08 팀 확정),raw_data/manual_staging/01_graduation_requirements/by_department/정보의생명공학대학/T00000012652__정보컴퓨터공학부(디자인테크놀로지전공)
U04080100429,594002,정보컴퓨터공학부 인공지능전공,부산대학교,정보의생명공학대학,정보컴퓨터공학부,인공지능전공,ais,표기/배치=AIS 기준(2026-07-08 팀 확정),raw_data/manual_staging/01_graduation_requirements/by_department/정보의생명공학대학/U04080100429__정보컴퓨터공학부 인공지능전공
U04080100419,594001,정보컴퓨터공학부 컴퓨터공학전공,부산대학교,정보의생명공학대학,정보컴퓨터공학부,컴퓨터공학전공,ais,표기/배치=AIS 기준(2026-07-08 팀 확정),raw_data/manual_staging/01_graduation_requirements/by_department/정보의생명공학대학/U04080100419__정보컴퓨터공학부 컴퓨터공학전공
,401400,치의학과(수동 추가),부산대학교,치과대학,치의학과,,ais,수집 인덱스 누락분 — AIS 현행 확인 후 추가(팀 확정),
